DL comb,DL MIMO,DL BW,DL Unk A,DL Unk B,DL Unk C,UL comb,UL MIMO,UL BW,UL Unk A,UL Unk B,UL Unk C
n1,2,30,1,2,0,n1,1,20,1,2,0
n1,2,40,1,2,0,n1,1,20,1,2,0
n3,2,30,1,2,0,n3,1,20,1,2,0
n3,2,40,1,2,0,n3,1,20,1,2,0
n3,4,25,2,2,0,n3,1,40,1,2,0
n7,2,40,1,2,0,n7,1,20,1,2,0
n7,2,30,2,2,0,n7,1,50,1,2,0
n8,2,5,1,2,0,n8,1,5,1,2,0
n8,2,10,1,2,0,n8,1,10,1,2,0
n28,2,10,1,2,0,n28,1,10,1,2,0
n28,2,30,1,2,0,n28,1,20,1,2,0
n40,4,80,2,2,1,n40,1,80,2,2,0
n78,4,100,2,2,1,n78,1,100,2,2,1
n78,4,100,2,2,1,n78,2,100,2,2,1
n1_n3,2;2,30;30,1;1,2;2,0;0,n3,1,20,1,2,0
n1_n3,2;2,40;40,1;1,2;2,0;0,n3,1,20,1,2,0
n1_n3,2;4,40;25,1;2,2;2,0;0,n3,1,40,1,2,0
n1_n7,2;2,30;30,1;1,2;2,0;0,n7,1,20,1,2,0
n1_n7,2;2,40;30,1;1,2;2,0;0,n7,1,20,1,2,0
n1_n7,2;2,40;30,1;2,2;2,0;0,n7,1,50,1,2,0
n1_n8,2;2,30;5,1;1,2;2,0;0,n8,1,5,1,2,0
n1_n8,2;2,40;5,1;1,2;2,0;0,n8,1,5,1,2,0
n1_n8,2;2,40;10,1;1,2;2,0;0,n8,1,10,1,2,0
n1_n28,2;2,30;10,1;1,2;2,0;0,n28,1,10,1,2,0
n1_n28,2;2,40;10,1;1,2;2,0;0,n28,1,10,1,2,0
n1_n28,2;2,40;30,1;1,2;2,0;0,n28,1,20,1,2,0
n1_n78,2;4,30;100,1;2,2;2,0;1,n78,1,100,2,2,1
n1_n78,2;4,40;100,1;2,2;2,0;1,n78,1,100,2,2,1
n1_n78,2;4,40;100,1;2,2;2,0;1,n78,2,100,2,2,1
n1_n3,2;2,30;30,1;1,2;2,0;0,n1,1,20,1,2,0
n1_n3,2;2,40;40,1;1,2;2,0;0,n1,1,20,1,2,0
n1_n3,2;4,40;25,1;2,2;2,0;0,n1,1,20,1,2,0
n1_n7,2;2,30;30,1;1,2;2,0;0,n1,1,20,1,2,0
n1_n7,2;2,40;30,1;1,2;2,0;0,n1,1,20,1,2,0
n1_n7,2;2,40;30,1;2,2;2,0;0,n1,1,20,1,2,0
n1_n8,2;2,30;5,1;1,2;2,0;0,n1,1,20,1,2,0
n1_n8,2;2,40;5,1;1,2;2,0;0,n1,1,20,1,2,0
n1_n8,2;2,40;10,1;1,2;2,0;0,n1,1,20,1,2,0
n1_n28,2;2,30;10,1;1,2;2,0;0,n1,1,20,1,2,0
n1_n28,2;2,40;10,1;1,2;2,0;0,n1,1,20,1,2,0
n1_n28,2;2,40;30,1;1,2;2,0;0,n1,1,20,1,2,0
n1_n78,2;4,30;100,1;2,2;2,0;1,n1,1,20,1,2,0
n1_n78,2;4,40;100,1;2,2;2,0;1,n1,1,20,1,2,0
n1_n40,2;2,40;80,1;2,2;2,0;1,n40,1,80,2,2,0
n1_n40,2;4,40;80,1;2,2;2,0;1,n40,1,80,2,2,0
n1_n40,2;2,40;80,1;2,2;2,0;1,n1,1,20,1,2,0
n1_n40,2;4,40;80,1;2,2;2,0;1,n1,1,20,1,2,0
n3_n7,2;2,30;30,1;1,2;2,0;0,n7,1,20,1,2,0
n3_n7,2;2,40;30,1;1,2;2,0;0,n7,1,20,1,2,0
n3_n7,4;2,25;30,2;2,2;2,0;0,n7,1,50,1,2,0
n3_n8,2;2,30;5,1;1,2;2,0;0,n8,1,5,1,2,0
n3_n8,2;2,40;5,1;1,2;2,0;0,n8,1,5,1,2,0
n3_n8,4;2,25;10,2;1,2;2,0;0,n8,1,10,1,2,0
n3_n28,2;2,30;10,1;1,2;2,0;0,n28,1,10,1,2,0
n3_n28,2;2,40;10,1;1,2;2,0;0,n28,1,10,1,2,0
n3_n28,4;2,25;30,2;1,2;2,0;0,n28,1,20,1,2,0
n3_n78,2;4,30;100,1;2,2;2,0;1,n78,1,100,2,2,1
n3_n78,2;4,40;100,1;2,2;2,0;1,n78,1,100,2,2,1
n3_n78,4;4,25;100,2;2,2;2,0;1,n78,2,100,2,2,1
n3_n7,2;2,30;30,1;1,2;2,0;0,n3,1,20,1,2,0
n3_n7,2;2,40;30,1;1,2;2,0;0,n3,1,20,1,2,0
n3_n7,4;2,25;30,2;2,2;2,0;0,n3,1,40,1,2,0
n3_n8,2;2,30;5,1;1,2;2,0;0,n3,1,20,1,2,0
n3_n8,2;2,40;5,1;1,2;2,0;0,n3,1,20,1,2,0
n3_n8,4;2,25;10,2;1,2;2,0;0,n3,1,40,1,2,0
n3_n28,2;2,30;10,1;1,2;2,0;0,n3,1,20,1,2,0
n3_n28,2;2,40;10,1;1,2;2,0;0,n3,1,20,1,2,0
n3_n28,4;2,25;30,2;1,2;2,0;0,n3,1,40,1,2,0
n3_n78,2;4,30;100,1;2,2;2,0;1,n3,1,20,1,2,0
n3_n78,2;4,40;100,1;2,2;2,0;1,n3,1,20,1,2,0
n3_n78,4;4,25;100,2;2,2;2,0;1,n3,1,40,1,2,0
n3_n40,4;4,25;80,2;2,2;2,0;1,n40,1,80,2,2,0
n3_n40,4;4,25;80,2;2,2;2,0;1,n3,1,40,1,2,0
n7_n28,2;2,40;10,1;1,2;2,0;0,n28,1,10,1,2,0
n7_n28,2;2,30;30,2;1,2;2,0;0,n28,1,20,1,2,0
n7_n78,2;4,40;100,1;2,2;2,0;1,n78,1,100,2,2,1
n7_n78,2;4,30;100,2;2,2;2,0;1,n78,2,100,2,2,1
n7_n28,2;2,40;10,1;1,2;2,0;0,n7,1,20,1,2,0
n7_n28,2;2,30;30,2;1,2;2,0;0,n7,1,50,1,2,0
n7_n78,2;4,40;100,1;2,2;2,0;1,n7,1,20,1,2,0
n7_n78,2;4,30;100,2;2,2;2,0;1,n7,1,50,1,2,0
n7_n8,2;2,30;10,2;1,2;2,0;0,n8,1,10,1,2,0
n7_n8,2;2,30;10,2;1,2;2,0;0,n7,1,50,1,2,0
n8_n40,2;4,5;80,1;2,2;2,0;1,n40,1,80,2,2,0
n8_n40,2;4,10;80,1;2,2;2,0;1,n40,1,80,2,2,0
n8_n78,2;4,5;100,1;2,2;2,0;1,n78,1,100,2,2,1
n8_n78,2;4,5;100,1;2,2;2,0;1,n78,2,100,2,2,1
n8_n78,2;4,10;100,1;2,2;2,0;1,n78,2,100,2,2,1
n8_n40,2;4,5;80,1;2,2;2,0;1,n8,1,5,1,2,0
n8_n40,2;4,10;80,1;2,2;2,0;1,n8,1,10,1,2,0
n8_n78,2;4,5;100,1;2,2;2,0;1,n8,1,5,1,2,0
n8_n78,2;4,10;100,1;2,2;2,0;1,n8,1,10,1,2,0
n28_n40,2;4,10;80,1;2,2;2,0;1,n40,1,80,2,2,0
n28_n40,2;4,30;80,1;2,2;2,0;1,n40,1,80,2,2,0
n28_n78,2;4,10;100,1;2,2;2,0;1,n78,1,100,2,2,1
n28_n78,2;4,10;100,1;2,2;2,0;1,n78,2,100,2,2,1
n28_n78,2;4,30;100,1;2,2;2,0;1,n78,2,100,2,2,1
n28_n40,2;4,10;80,1;2,2;2,0;1,n28,1,10,1,2,0
n28_n40,2;4,30;80,1;2,2;2,0;1,n28,1,20,1,2,0
n28_n78,2;4,10;100,1;2,2;2,0;1,n28,1,10,1,2,0
n28_n78,2;4,30;100,1;2,2;2,0;1,n28,1,20,1,2,0
n40_n78,4;4,80;100,2;2,2;2,1;1,n78,1,100,2,2,1
n40_n78,4;4,80;100,2;2,2;2,1;1,n78,2,100,2,2,1
n40_n78,4;4,80;100,2;2,2;2,1;1,n40,1,80,2,2,0
n40,4;4,80;40,2;2,2;2,1;0,n40,1,80,2,2,0
1_n8,2,5,1,2,0,1_n8,1,5,1,2,0
1_n8,2,5,1,2,0,1_n8,1,5,1,2,0
1_n8,2,10,1,2,0,1_n8,1,10,1,2,0
1_n28,2,10,1,2,0,1_n28,1,10,1,2,0
1_n28,2,10,1,2,0,1_n28,1,10,1,2,0
1_n28,2,30,1,2,0,1_n28,1,20,1,2,0
1_n78,4,100,2,2,1,1_n78,1,100,2,2,1
1_n78,4,100,2,2,1,1_n78,1,100,2,2,1
1_n1,2,40,1,2,0,1_n1,1,20,1,2,0
1_n3,2,40,1,2,0,1_n3,1,20,1,2,0
1_n3,4,25,2,2,0,1_n3,1,40,1,2,0
1_n7,2,40,1,2,0,1_n7,1,20,1,2,0
1_n7,2,30,2,2,0,1_n7,1,50,1,2,0
1_n40,4,80,2,2,1,1_n40,1,80,2,2,0
1_n258,4,100,4,1,0,1_n258,2,100,4,1,0
3_n8,2,5,1,2,0,3_n8,1,5,1,2,0
3_n8,2,5,1,2,0,3_n8,1,5,1,2,0
3_n8,2,10,1,2,0,3_n8,1,10,1,2,0
3_n28,2,10,1,2,0,3_n28,1,10,1,2,0
3_n28,2,10,1,2,0,3_n28,1,10,1,2,0
3_n28,2,30,1,2,0,3_n28,1,20,1,2,0
3_n78,4,100,2,2,1,3_n78,1,100,2,2,1
3_n78,4,100,2,2,1,3_n78,1,100,2,2,1
3_n1,2,40,1,2,0,3_n1,1,20,1,2,0
3_n3,2,40,1,2,0,3_n3,1,20,1,2,0
3_n3,4,25,2,2,0,3_n3,1,40,1,2,0
3_n7,2,40,1,2,0,3_n7,1,20,1,2,0
3_n7,2,30,2,2,0,3_n7,1,50,1,2,0
3_n40,4,80,2,2,1,3_n40,1,80,2,2,0
3_n258,4,100,4,1,0,3_n258,2,100,4,1,0
7_n1,2,40,1,2,0,7_n1,1,20,1,2,0
7_n3,2,40,1,2,0,7_n3,1,20,1,2,0
7_n3,4,25,2,2,0,7_n3,1,40,1,2,0
7_n8,2,5,1,2,0,7_n8,1,5,1,2,0
7_n8,2,10,1,2,0,7_n8,1,10,1,2,0
7_n28,2,10,1,2,0,7_n28,1,10,1,2,0
7_n28,2,30,1,2,0,7_n28,1,20,1,2,0
7_n78,4,100,2,2,1,7_n78,1,100,2,2,1
7_n258,4,100,4,1,0,7_n258,2,100,4,1,0
8_n1,2,30,1,2,0,8_n1,1,20,1,2,0
8_n1,2,40,1,2,0,8_n1,1,20,1,2,0
8_n3,2,30,1,2,0,8_n3,1,20,1,2,0
8_n3,2,40,1,2,0,8_n3,1,20,1,2,0
8_n3,4,25,2,2,0,8_n3,1,40,1,2,0
8_n7,2,40,1,2,0,8_n7,1,20,1,2,0
8_n7,2,30,2,2,0,8_n7,1,50,1,2,0
8_n40,4,80,2,2,1,8_n40,1,80,2,2,0
8_n78,4,100,2,2,1,8_n78,1,100,2,2,1
8_n258,4,100,4,1,0,8_n258,2,100,4,1,0
28_n1,2,30,1,2,0,28_n1,1,20,1,2,0
28_n1,2,40,1,2,0,28_n1,1,20,1,2,0
28_n3,2,30,1,2,0,28_n3,1,20,1,2,0
28_n3,2,40,1,2,0,28_n3,1,20,1,2,0
28_n3,4,25,2,2,0,28_n3,1,40,1,2,0
28_n7,2,40,1,2,0,28_n7,1,20,1,2,0
28_n7,2,30,2,2,0,28_n7,1,50,1,2,0
28_n40,4,80,2,2,1,28_n40,1,80,2,2,0
28_n78,4,100,2,2,1,28_n78,1,100,2,2,1
28_n258,4,100,4,1,0,28_n258,2,100,4,1,0
40_n8,2,5,1,2,0,40_n8,1,5,1,2,0
40_n8,2,5,1,2,0,40_n8,1,5,1,2,0
40_n8,2,10,1,2,0,40_n8,1,10,1,2,0
40_n28,2,10,1,2,0,40_n28,1,10,1,2,0
40_n28,2,10,1,2,0,40_n28,1,10,1,2,0
40_n28,2,30,1,2,0,40_n28,1,20,1,2,0
40_n78,4,100,2,2,1,40_n78,1,100,2,2,1
40_n78,4,100,2,2,1,40_n78,1,100,2,2,1
40_n1,2,40,1,2,0,40_n1,1,20,1,2,0
40_n3,2,40,1,2,0,40_n3,1,20,1,2,0
40_n3,4,25,2,2,0,40_n3,1,40,1,2,0
40_n258,4,100,4,1,0,40_n258,2,100,4,1,0
n78_n258,4;4,100;100,2;4,2;1,1;0,n78_n258,2;2,100;100,2;4,2;1,1;0
n1_n3_n7,2;2;2,30;30;30,1;1;1,2;2;2,0;0;0,n7,1,20,1,2,0
n1_n3_n7,2;2;2,40;40;30,1;1;1,2;2;2,0;0;0,n7,1,20,1,2,0
n1_n3_n7,2;2;2,40;40;40,1;1;1,2;2;2,0;0;0,n7,1,20,1,2,0
n1_n3_n7,2;4;2,40;25;30,1;2;2,2;2;2,0;0;0,n7,1,50,1,2,0
n1_n3_n8,2;2;2,30;30;5,1;1;1,2;2;2,0;0;0,n8,1,5,1,2,0
n1_n3_n8,2;2;2,40;40;5,1;1;1,2;2;2,0;0;0,n8,1,5,1,2,0
n1_n3_n8,2;4;2,40;25;10,1;2;1,2;2;2,0;0;0,n8,1,10,1,2,0
n1_n3_n28,2;2;2,30;30;10,1;1;1,2;2;2,0;0;0,n28,1,10,1,2,0
n1_n3_n28,2;2;2,40;40;10,1;1;1,2;2;2,0;0;0,n28,1,10,1,2,0
n1_n3_n28,2;4;2,40;25;30,1;2;1,2;2;2,0;0;0,n28,1,20,1,2,0
n1_n3_n7,2;2;2,30;30;30,1;1;1,2;2;2,0;0;0,n3,1,20,1,2,0
n1_n3_n7,2;2;2,40;40;30,1;1;1,2;2;2,0;0;0,n3,1,20,1,2,0
n1_n3_n7,2;2;2,40;40;40,1;1;1,2;2;2,0;0;0,n3,1,20,1,2,0
n1_n3_n7,2;4;2,40;25;30,1;2;2,2;2;2,0;0;0,n3,1,40,1,2,0
n1_n3_n8,2;2;2,30;30;5,1;1;1,2;2;2,0;0;0,n3,1,20,1,2,0
n1_n3_n8,2;2;2,40;40;5,1;1;1,2;2;2,0;0;0,n3,1,20,1,2,0
n1_n3_n8,2;4;2,40;25;10,1;2;1,2;2;2,0;0;0,n3,1,40,1,2,0
n1_n3_n28,2;2;2,30;30;10,1;1;1,2;2;2,0;0;0,n3,1,20,1,2,0
n1_n3_n28,2;2;2,40;40;10,1;1;1,2;2;2,0;0;0,n3,1,20,1,2,0
n1_n3_n28,2;4;2,40;25;30,1;2;1,2;2;2,0;0;0,n3,1,40,1,2,0
n1_n7_n28,2;2;2,30;30;10,1;1;1,2;2;2,0;0;0,n28,1,10,1,2,0
n1_n7_n28,2;2;2,40;30;10,1;1;1,2;2;2,0;0;0,n28,1,10,1,2,0
n1_n7_n28,2;2;2,40;40;10,1;1;1,2;2;2,0;0;0,n28,1,10,1,2,0
n1_n7_n28,2;2;2,40;30;30,1;2;1,2;2;2,0;0;0,n28,1,20,1,2,0
n1_n7_n78,2;2;4,30;30;100,1;1;2,2;2;2,0;0;1,n78,1,100,2,2,1
n1_n7_n78,2;2;4,40;30;100,1;1;2,2;2;2,0;0;1,n78,1,100,2,2,1
n1_n7_n78,2;2;4,40;40;100,1;1;2,2;2;2,0;0;1,n78,1,100,2,2,1
n1_n7_n78,2;2;4,40;30;100,1;2;2,2;2;2,0;0;1,n78,2,100,2,2,1
n1_n7_n28,2;2;2,30;30;10,1;1;1,2;2;2,0;0;0,n7,1,20,1,2,0
n1_n7_n28,2;2;2,40;30;10,1;1;1,2;2;2,0;0;0,n7,1,20,1,2,0
n1_n7_n28,2;2;2,40;40;10,1;1;1,2;2;2,0;0;0,n7,1,20,1,2,0
n1_n7_n28,2;2;2,40;30;30,1;2;1,2;2;2,0;0;0,n7,1,50,1,2,0
n1_n7_n78,2;2;4,30;30;100,1;1;2,2;2;2,0;0;1,n7,1,20,1,2,0
n1_n7_n78,2;2;4,40;30;100,1;1;2,2;2;2,0;0;1,n7,1,20,1,2,0
n1_n7_n78,2;2;4,40;40;100,1;1;2,2;2;2,0;0;1,n7,1,20,1,2,0
n1_n7_n78,2;2;4,40;30;100,1;2;2,2;2;2,0;0;1,n7,1,50,1,2,0
n1_n8_n78,2;2;4,30;5;100,1;1;2,2;2;2,0;0;1,n78,1,100,2,2,1
n1_n8_n78,2;2;4,40;5;100,1;1;2,2;2;2,0;0;1,n78,1,100,2,2,1
n1_n8_n78,2;2;4,40;10;100,1;1;2,2;2;2,0;0;1,n78,2,100,2,2,1
n1_n8_n78,2;2;4,30;5;100,1;1;2,2;2;2,0;0;1,n8,1,5,1,2,0
n1_n8_n78,2;2;4,40;5;100,1;1;2,2;2;2,0;0;1,n8,1,5,1,2,0
n1_n8_n78,2;2;4,40;10;100,1;1;2,2;2;2,0;0;1,n8,1,10,1,2,0
n1_n3_n7,2;2;2,30;30;30,1;1;1,2;2;2,0;0;0,n1,1,20,1,2,0
n1_n3_n7,2;2;2,40;40;30,1;1;1,2;2;2,0;0;0,n1,1,20,1,2,0
n1_n3_n7,2;2;2,40;40;40,1;1;1,2;2;2,0;0;0,n1,1,20,1,2,0
n1_n3_n7,2;4;2,40;25;30,1;2;2,2;2;2,0;0;0,n1,1,20,1,2,0
n1_n3_n8,2;2;2,30;30;5,1;1;1,2;2;2,0;0;0,n1,1,20,1,2,0
n1_n3_n8,2;2;2,40;40;5,1;1;1,2;2;2,0;0;0,n1,1,20,1,2,0
n1_n3_n8,2;4;2,40;25;10,1;2;1,2;2;2,0;0;0,n1,1,20,1,2,0
n1_n3_n28,2;2;2,30;30;10,1;1;1,2;2;2,0;0;0,n1,1,20,1,2,0
n1_n3_n28,2;2;2,40;40;10,1;1;1,2;2;2,0;0;0,n1,1,20,1,2,0
n1_n3_n28,2;4;2,40;25;30,1;2;1,2;2;2,0;0;0,n1,1,20,1,2,0
n1_n7_n28,2;2;2,30;30;10,1;1;1,2;2;2,0;0;0,n1,1,20,1,2,0
n1_n7_n28,2;2;2,40;30;10,1;1;1,2;2;2,0;0;0,n1,1,20,1,2,0
n1_n7_n28,2;2;2,40;40;10,1;1;1,2;2;2,0;0;0,n1,1,20,1,2,0
n1_n7_n28,2;2;2,40;30;30,1;2;1,2;2;2,0;0;0,n1,1,20,1,2,0
n1_n7_n78,2;2;4,30;30;100,1;1;2,2;2;2,0;0;1,n1,1,20,1,2,0
n1_n7_n78,2;2;4,40;30;100,1;1;2,2;2;2,0;0;1,n1,1,20,1,2,0
n1_n7_n78,2;2;4,40;40;100,1;1;2,2;2;2,0;0;1,n1,1,20,1,2,0
n1_n7_n78,2;2;4,40;30;100,1;2;2,2;2;2,0;0;1,n1,1,20,1,2,0
n1_n8_n78,2;2;4,30;5;100,1;1;2,2;2;2,0;0;1,n1,1,20,1,2,0
n1_n8_n78,2;2;4,40;5;100,1;1;2,2;2;2,0;0;1,n1,1,20,1,2,0
n1_n8_n78,2;2;4,40;10;100,1;1;2,2;2;2,0;0;1,n1,1,20,1,2,0
n1_n3_n78,2;4;4,40;25;100,1;2;2,2;2;2,0;0;1,n78,2,100,2,2,1
n1_n3_n78,2;4;4,40;25;100,1;2;2,2;2;2,0;0;1,n3,1,40,1,2,0
n1_n7_n8,2;2;2,40;30;10,1;2;1,2;2;2,0;0;0,n8,1,10,1,2,0
n1_n7_n8,2;2;2,40;30;10,1;2;1,2;2;2,0;0;0,n7,1,50,1,2,0
n1_n8_n40,2;2;4,40;10;80,1;1;2,2;2;2,0;0;1,n40,1,80,2,2,0
n1_n8_n40,2;2;4,40;10;80,1;1;2,2;2;2,0;0;1,n8,1,10,1,2,0
n1_n28_n78,2;2;4,40;30;100,1;1;2,2;2;2,0;0;1,n78,2,100,2,2,1
n1_n28_n78,2;2;4,40;30;100,1;1;2,2;2;2,0;0;1,n28,1,20,1,2,0
n1_n40_n78,2;2;4,40;80;100,1;2;2,2;2;2,0;1;1,n78,1,100,2,2,1
n1_n40_n78,2;4;4,40;80;100,1;2;2,2;2;2,0;1;1,n78,1,100,2,2,1
n1_n40_n78,2;4;4,40;80;100,1;2;2,2;2;2,0;1;1,n78,2,100,2,2,1
n1_n40_n78,2;2;4,40;80;100,1;2;2,2;2;2,0;1;1,n40,1,80,2,2,0
n1_n40_n78,2;4;4,40;80;100,1;2;2,2;2;2,0;1;1,n40,1,80,2,2,0
n1_n3_n78,2;4;4,40;25;100,1;2;2,2;2;2,0;0;1,n1,1,20,1,2,0
n1_n7_n8,2;2;2,40;30;10,1;2;1,2;2;2,0;0;0,n1,1,20,1,2,0
n1_n8_n40,2;2;4,40;10;80,1;1;2,2;2;2,0;0;1,n1,1,20,1,2,0
n1_n28_n78,2;2;4,40;30;100,1;1;2,2;2;2,0;0;1,n1,1,20,1,2,0
n1_n40_n78,2;2;4,40;80;100,1;2;2,2;2;2,0;1;1,n1,1,20,1,2,0
n1_n40_n78,2;4;4,40;80;100,1;2;2,2;2;2,0;1;1,n1,1,20,1,2,0
n3_n7_n28,2;2;2,30;30;10,1;1;1,2;2;2,0;0;0,n28,1,10,1,2,0
n3_n7_n28,2;2;2,40;30;10,1;1;1,2;2;2,0;0;0,n28,1,10,1,2,0
n3_n7_n28,2;2;2,40;40;10,1;1;1,2;2;2,0;0;0,n28,1,10,1,2,0
n3_n7_n28,4;2;2,25;30;30,2;2;1,2;2;2,0;0;0,n28,1,20,1,2,0
n3_n7_n78,2;2;4,30;30;100,1;1;2,2;2;2,0;0;1,n78,1,100,2,2,1
n3_n7_n78,2;2;4,40;30;100,1;1;2,2;2;2,0;0;1,n78,1,100,2,2,1
n3_n7_n78,2;2;4,40;40;100,1;1;2,2;2;2,0;0;1,n78,1,100,2,2,1
n3_n7_n78,4;2;4,25;30;100,2;2;2,2;2;2,0;0;1,n78,2,100,2,2,1
n3_n7_n28,2;2;2,30;30;10,1;1;1,2;2;2,0;0;0,n7,1,20,1,2,0
n3_n7_n28,2;2;2,40;30;10,1;1;1,2;2;2,0;0;0,n7,1,20,1,2,0
n3_n7_n28,2;2;2,40;40;10,1;1;1,2;2;2,0;0;0,n7,1,20,1,2,0
n3_n7_n28,4;2;2,25;30;30,2;2;1,2;2;2,0;0;0,n7,1,50,1,2,0
n3_n7_n78,2;2;4,30;30;100,1;1;2,2;2;2,0;0;1,n7,1,20,1,2,0
n3_n7_n78,2;2;4,40;30;100,1;1;2,2;2;2,0;0;1,n7,1,20,1,2,0
n3_n7_n78,2;2;4,40;40;100,1;1;2,2;2;2,0;0;1,n7,1,20,1,2,0
n3_n7_n78,4;2;4,25;30;100,2;2;2,2;2;2,0;0;1,n7,1,50,1,2,0
n3_n28_n78,2;2;4,30;10;100,1;1;2,2;2;2,0;0;1,n78,1,100,2,2,1
n3_n28_n78,2;2;4,40;10;100,1;1;2,2;2;2,0;0;1,n78,1,100,2,2,1
n3_n28_n78,4;2;4,25;30;100,2;1;2,2;2;2,0;0;1,n78,2,100,2,2,1
n3_n28_n78,2;2;4,30;10;100,1;1;2,2;2;2,0;0;1,n28,1,10,1,2,0
n3_n28_n78,2;2;4,40;10;100,1;1;2,2;2;2,0;0;1,n28,1,10,1,2,0
n3_n28_n78,4;2;4,25;30;100,2;1;2,2;2;2,0;0;1,n28,1,20,1,2,0
n3_n7_n28,2;2;2,30;30;10,1;1;1,2;2;2,0;0;0,n3,1,20,1,2,0
n3_n7_n28,2;2;2,40;30;10,1;1;1,2;2;2,0;0;0,n3,1,20,1,2,0
n3_n7_n28,2;2;2,40;40;10,1;1;1,2;2;2,0;0;0,n3,1,20,1,2,0
n3_n7_n28,4;2;2,25;30;30,2;2;1,2;2;2,0;0;0,n3,1,40,1,2,0
n3_n7_n78,2;2;4,30;30;100,1;1;2,2;2;2,0;0;1,n3,1,20,1,2,0
n3_n7_n78,2;2;4,40;30;100,1;1;2,2;2;2,0;0;1,n3,1,20,1,2,0
n3_n7_n78,2;2;4,40;40;100,1;1;2,2;2;2,0;0;1,n3,1,20,1,2,0
n3_n7_n78,4;2;4,25;30;100,2;2;2,2;2;2,0;0;1,n3,1,40,1,2,0
n3_n28_n78,2;2;4,30;10;100,1;1;2,2;2;2,0;0;1,n3,1,20,1,2,0
n3_n28_n78,2;2;4,40;10;100,1;1;2,2;2;2,0;0;1,n3,1,20,1,2,0
n3_n28_n78,4;2;4,25;30;100,2;1;2,2;2;2,0;0;1,n3,1,40,1,2,0
n7_n28_n78,2;2;4,30;30;100,2;1;2,2;2;2,0;0;1,n78,2,100,2,2,1
n7_n28_n78,2;2;4,30;30;100,2;1;2,2;2;2,0;0;1,n28,1,20,1,2,0
n7_n28_n78,2;2;4,30;30;100,2;1;2,2;2;2,0;0;1,n7,1,50,1,2,0
n8_n40_n78,2;4;4,10;80;100,1;2;2,2;2;2,0;1;1,n78,2,100,2,2,1
n8_n40_n78,2;4;4,10;80;100,1;2;2,2;2;2,0;1;1,n40,1,80,2,2,0
n8_n40_n78,2;4;4,10;80;100,1;2;2,2;2;2,0;1;1,n8,1,10,1,2,0
n28_n40_n78,2;4;4,30;80;100,1;2;2,2;2;2,0;1;1,n78,2,100,2,2,1
n28_n40_n78,2;4;4,30;80;100,1;2;2,2;2;2,0;1;1,n40,1,80,2,2,0
n28_n40_n78,2;4;4,30;80;100,1;2;2,2;2;2,0;1;1,n28,1,20,1,2,0
1-3_n8,2,5,1,2,0,3_n8,1,5,1,2,0
1-3_n8,2,5,1,2,0,3_n8,1,5,1,2,0
1-3_n8,2,10,1,2,0,3_n8,1,10,1,2,0
1-3_n28,2,10,1,2,0,3_n28,1,10,1,2,0
1-3_n28,2,10,1,2,0,3_n28,1,10,1,2,0
1-3_n28,2,30,1,2,0,3_n28,1,20,1,2,0
1-3_n78,4,100,2,2,1,3_n78,1,100,2,2,1
1-3_n78,4,100,2,2,1,3_n78,1,100,2,2,1
1-7_n8,2,5,1,2,0,7_n8,1,5,1,2,0
1-7_n8,2,5,1,2,0,7_n8,1,5,1,2,0
1-7_n8,2,5,1,2,0,7_n8,1,5,1,2,0
1-7_n8,2,10,1,2,0,7_n8,1,10,1,2,0
1-7_n28,2,10,1,2,0,7_n28,1,10,1,2,0
1-7_n28,2,10,1,2,0,7_n28,1,10,1,2,0
1-7_n28,2,10,1,2,0,7_n28,1,10,1,2,0
1-7_n28,2,30,1,2,0,7_n28,1,20,1,2,0
1-7_n78,4,100,2,2,1,7_n78,1,100,2,2,1
1-7_n78,4,100,2,2,1,7_n78,1,100,2,2,1
1-7_n78,4,100,2,2,1,7_n78,1,100,2,2,1
1-8_n3,2,30,1,2,0,8_n3,1,20,1,2,0
1-8_n3,2,40,1,2,0,8_n3,1,20,1,2,0
1-8_n3,4,25,2,2,0,8_n3,1,40,1,2,0
1-8_n78,4,100,2,2,1,8_n78,1,100,2,2,1
1-8_n78,4,100,2,2,1,8_n78,1,100,2,2,1
1-28_n3,2,30,1,2,0,28_n3,1,20,1,2,0
1-28_n3,2,40,1,2,0,28_n3,1,20,1,2,0
1-28_n3,4,25,2,2,0,28_n3,1,40,1,2,0
1-28_n7,2,30,1,2,0,28_n7,1,20,1,2,0
1-28_n7,2,30,1,2,0,28_n7,1,20,1,2,0
1-28_n7,2,40,1,2,0,28_n7,1,20,1,2,0
1-28_n7,2,30,2,2,0,28_n7,1,50,1,2,0
1-28_n78,4,100,2,2,1,28_n78,1,100,2,2,1
1-28_n78,4,100,2,2,1,28_n78,1,100,2,2,1
1-40_n78,4,100,2,2,1,40_n78,1,100,2,2,1
1-40_n78,4,100,2,2,1,40_n78,1,100,2,2,1
1-40_n78,4,100,2,2,1,40_n78,1,100,2,2,1
1-3_n8,2,5,1,2,0,1_n8,1,5,1,2,0
1-3_n8,2,5,1,2,0,1_n8,1,5,1,2,0
1-3_n8,2,10,1,2,0,1_n8,1,10,1,2,0
1-3_n28,2,10,1,2,0,1_n28,1,10,1,2,0
1-3_n28,2,10,1,2,0,1_n28,1,10,1,2,0
1-3_n28,2,30,1,2,0,1_n28,1,20,1,2,0
1-3_n78,4,100,2,2,1,1_n78,1,100,2,2,1
1-3_n78,4,100,2,2,1,1_n78,1,100,2,2,1
1-7_n8,2,5,1,2,0,1_n8,1,5,1,2,0
1-7_n8,2,5,1,2,0,1_n8,1,5,1,2,0
1-7_n8,2,5,1,2,0,1_n8,1,5,1,2,0
1-7_n8,2,10,1,2,0,1_n8,1,10,1,2,0
1-7_n28,2,10,1,2,0,1_n28,1,10,1,2,0
1-7_n28,2,10,1,2,0,1_n28,1,10,1,2,0
1-7_n28,2,10,1,2,0,1_n28,1,10,1,2,0
1-7_n28,2,30,1,2,0,1_n28,1,20,1,2,0
1-7_n78,4,100,2,2,1,1_n78,1,100,2,2,1
1-7_n78,4,100,2,2,1,1_n78,1,100,2,2,1
1-7_n78,4,100,2,2,1,1_n78,1,100,2,2,1
1-8_n78,4,100,2,2,1,1_n78,1,100,2,2,1
1-8_n78,4,100,2,2,1,1_n78,1,100,2,2,1
1-28_n78,4,100,2,2,1,1_n78,1,100,2,2,1
1-28_n78,4,100,2,2,1,1_n78,1,100,2,2,1
1-40_n78,4,100,2,2,1,1_n78,1,100,2,2,1
1-40_n78,4,100,2,2,1,1_n78,1,100,2,2,1
1-40_n78,4,100,2,2,1,1_n78,1,100,2,2,1
1_n8_n78,2;4,5;100,1;2,2;2,0;1,1_n78,1,100,2,2,1
1_n8_n78,2;4,5;100,1;2,2;2,0;1,1_n78,1,100,2,2,1
1_n8_n78,2;4,10;100,1;2,2;2,0;1,1_n78,1,100,2,2,1
1_n8_n78,2;4,5;100,1;2,2;2,0;1,1_n8,1,5,1,2,0
1_n8_n78,2;4,5;100,1;2,2;2,0;1,1_n8,1,5,1,2,0
1_n8_n78,2;4,10;100,1;2,2;2,0;1,1_n8,1,10,1,2,0
1_n28_n78,2;4,10;100,1;2,2;2,0;1,1_n78,1,100,2,2,1
1_n28_n78,2;4,10;100,1;2,2;2,0;1,1_n78,1,100,2,2,1
1_n28_n78,2;4,30;100,1;2,2;2,0;1,1_n78,1,100,2,2,1
1_n28_n78,2;4,10;100,1;2,2;2,0;1,1_n28,1,10,1,2,0
1_n28_n78,2;4,10;100,1;2,2;2,0;1,1_n28,1,10,1,2,0
1_n28_n78,2;4,30;100,1;2,2;2,0;1,1_n28,1,20,1,2,0
1_n78_n78,2;2,40;100,2;2,2;2,0;1,1_n78,1,80,2,2,1
1_n78_n78,2;2,40;100,2;2,2;2,0;1,1_n78,1,80,2,2,1
1_n78_n78,4;4,100;100,2;2,2;2,1;1,1_n78,1,100,2,2,1
1_n78_n78,2;2,40;100,2;2,2;2,0;1,1_n78,1,10,2,2,0
1_n78_n78,2;2,40;100,2;2,2;2,0;1,1_n78,1,10,2,2,0
1-3_n3,2,40,1,2,0,3_n3,1,20,1,2,0
1-3_n3,4,25,2,2,0,3_n3,1,40,1,2,0
1-3_n7,2,40,1,2,0,3_n7,1,20,1,2,0
1-3_n7,2,30,2,2,0,3_n7,1,50,1,2,0
1-3_n40,4,80,2,2,1,3_n40,1,80,2,2,0
1-7_n3,2,40,1,2,0,7_n3,1,20,1,2,0
1-7_n3,4,25,2,2,0,7_n3,1,40,1,2,0
1-8_n40,2,80,2,2,1,8_n40,1,80,2,2,0
1-8_n40,4,80,2,2,1,8_n40,1,80,2,2,0
1-28_n40,2,80,2,2,1,28_n40,1,80,2,2,0
1-28_n40,4,80,2,2,1,28_n40,1,80,2,2,0
1-3_n3,2,40,1,2,0,1_n3,1,20,1,2,0
1-3_n3,4,25,2,2,0,1_n3,1,40,1,2,0
1-3_n7,2,40,1,2,0,1_n7,1,20,1,2,0
1-3_n7,2,30,2,2,0,1_n7,1,50,1,2,0
1-3_n40,4,80,2,2,1,1_n40,1,80,2,2,0
1-7_n3,2,40,1,2,0,1_n3,1,20,1,2,0
1-7_n3,2,40,1,2,0,1_n3,1,20,1,2,0
1-7_n3,4,25,2,2,0,1_n3,1,40,1,2,0
1-7_n7,2,40,1,2,0,1_n7,1,20,1,2,0
1-7_n7,2,30,2,2,0,1_n7,1,50,1,2,0
1-7_n40,4,80,2,2,1,1_n40,1,80,2,2,0
1-8_n3,2,40,1,2,0,1_n3,1,20,1,2,0
1-8_n3,4,25,2,2,0,1_n3,1,40,1,2,0
1-8_n40,4,80,2,2,1,1_n40,1,80,2,2,0
1-28_n3,2,40,1,2,0,1_n3,1,20,1,2,0
1-28_n3,4,25,2,2,0,1_n3,1,40,1,2,0
1-28_n7,2,40,1,2,0,1_n7,1,20,1,2,0
1-28_n7,2,30,2,2,0,1_n7,1,50,1,2,0
1-28_n40,4,80,2,2,1,1_n40,1,80,2,2,0
1_n8_n40,2;4,5;80,1;2,2;2,0;1,1_n40,1,80,2,2,0
1_n8_n40,2;4,10;80,1;2,2;2,0;1,1_n40,1,80,2,2,0
1_n8_n40,2;2,5;80,1;2,2;2,0;1,1_n8,1,5,1,2,0
1_n8_n40,2;4,5;80,1;2,2;2,0;1,1_n8,1,5,1,2,0
1_n8_n40,2;4,10;80,1;2,2;2,0;1,1_n8,1,10,1,2,0
1_n28_n40,2;4,10;80,1;2,2;2,0;1,1_n40,1,80,2,2,0
1_n28_n40,2;4,30;80,1;2,2;2,0;1,1_n40,1,80,2,2,0
1_n28_n40,2;2,10;80,1;2,2;2,0;1,1_n28,1,10,1,2,0
1_n28_n40,2;4,10;80,1;2,2;2,0;1,1_n28,1,10,1,2,0
1_n28_n40,2;4,30;80,1;2,2;2,0;1,1_n28,1,20,1,2,0
1_n40_n78,2;4,80;100,2;2,2;2,1;1,1_n78,1,100,2,2,1
1_n40_n78,4;4,80;100,2;2,2;2,1;1,1_n78,1,100,2,2,1
1_n40_n78,4;4,80;100,2;2,2;2,1;1,1_n40,1,80,2,2,0
1_n40,4;4,80;40,2;2,2;2,1;0,1_n40,1,80,2,2,0
1_n258G,4;4,100;100,4;4,1;1,0;0,1_n258,2,100,4,1,0
3-7_n8,2,5,1,2,0,7_n8,1,5,1,2,0
3-7_n8,2,5,1,2,0,7_n8,1,5,1,2,0
3-7_n8,2,5,1,2,0,7_n8,1,5,1,2,0
3-7_n8,2,10,1,2,0,7_n8,1,10,1,2,0
3-7_n28,2,10,1,2,0,7_n28,1,10,1,2,0
3-7_n28,2,10,1,2,0,7_n28,1,10,1,2,0
3-7_n28,2,10,1,2,0,7_n28,1,10,1,2,0
3-7_n28,2,30,1,2,0,7_n28,1,20,1,2,0
3-7_n78,4,100,2,2,1,7_n78,1,100,2,2,1
3-7_n78,4,100,2,2,1,7_n78,1,100,2,2,1
3-7_n78,4,100,2,2,1,7_n78,1,100,2,2,1
3-8_n1,2,30,1,2,0,8_n1,1,20,1,2,0
3-8_n1,2,40,1,2,0,8_n1,1,20,1,2,0
3-8_n78,4,100,2,2,1,8_n78,1,100,2,2,1
3-8_n78,4,100,2,2,1,8_n78,1,100,2,2,1
3-28_n1,2,30,1,2,0,28_n1,1,20,1,2,0
3-28_n1,2,40,1,2,0,28_n1,1,20,1,2,0
3-28_n3,2,30,1,2,0,28_n3,1,20,1,2,0
3-28_n3,2,40,1,2,0,28_n3,1,20,1,2,0
3-28_n3,4,25,2,2,0,28_n3,1,40,1,2,0
3-28_n7,2,30,1,2,0,28_n7,1,20,1,2,0
3-28_n7,2,30,1,2,0,28_n7,1,20,1,2,0
3-28_n7,2,40,1,2,0,28_n7,1,20,1,2,0
3-28_n7,2,30,2,2,0,28_n7,1,50,1,2,0
3-28_n78,4,100,2,2,1,28_n78,1,100,2,2,1
3-28_n78,4,100,2,2,1,28_n78,1,100,2,2,1
3-40_n78,4,100,2,2,1,40_n78,1,100,2,2,1
3-40_n78,4,100,2,2,1,40_n78,1,100,2,2,1
3-40_n78,4,100,2,2,1,40_n78,1,100,2,2,1
3-7_n8,2,5,1,2,0,3_n8,1,5,1,2,0
3-7_n8,2,5,1,2,0,3_n8,1,5,1,2,0
3-7_n8,2,5,1,2,0,3_n8,1,5,1,2,0
3-7_n8,2,10,1,2,0,3_n8,1,10,1,2,0
3-7_n28,2,10,1,2,0,3_n28,1,10,1,2,0
3-7_n28,2,10,1,2,0,3_n28,1,10,1,2,0
3-7_n28,2,10,1,2,0,3_n28,1,10,1,2,0
3-7_n28,2,30,1,2,0,3_n28,1,20,1,2,0
3-7_n78,4,100,2,2,1,3_n78,1,100,2,2,1
3-7_n78,4,100,2,2,1,3_n78,1,100,2,2,1
3-7_n78,4,100,2,2,1,3_n78,1,100,2,2,1
3-8_n78,4,100,2,2,1,3_n78,1,100,2,2,1
3-8_n78,4,100,2,2,1,3_n78,1,100,2,2,1
3-28_n78,4,100,2,2,1,3_n78,1,100,2,2,1
3-28_n78,4,100,2,2,1,3_n78,1,100,2,2,1
3-40_n78,4,100,2,2,1,3_n78,1,100,2,2,1
3-40_n78,4,100,2,2,1,3_n78,1,100,2,2,1
3-40_n78,4,100,2,2,1,3_n78,1,100,2,2,1
3_n1_n78,2;4,30;100,1;2,2;2,0;1,3_n78,1,100,2,2,1
3_n1_n78,2;4,40;100,1;2,2;2,0;1,3_n78,1,100,2,2,1
3_n8_n78,2;4,5;100,1;2,2;2,0;1,3_n78,1,100,2,2,1
3_n8_n78,2;4,5;100,1;2,2;2,0;1,3_n78,1,100,2,2,1
3_n8_n78,2;4,10;100,1;2,2;2,0;1,3_n78,1,100,2,2,1
3_n8_n78,2;4,5;100,1;2,2;2,0;1,3_n8,1,5,1,2,0
3_n8_n78,2;4,5;100,1;2,2;2,0;1,3_n8,1,5,1,2,0
3_n8_n78,2;4,10;100,1;2,2;2,0;1,3_n8,1,10,1,2,0
3_n28_n78,2;4,10;100,1;2,2;2,0;1,3_n78,1,100,2,2,1
3_n28_n78,2;4,10;100,1;2,2;2,0;1,3_n78,1,100,2,2,1
3_n28_n78,2;4,30;100,1;2,2;2,0;1,3_n78,1,100,2,2,1
3_n28_n78,2;4,10;100,1;2,2;2,0;1,3_n28,1,10,1,2,0
3_n28_n78,2;4,10;100,1;2,2;2,0;1,3_n28,1,10,1,2,0
3_n28_n78,2;4,30;100,1;2,2;2,0;1,3_n28,1,20,1,2,0
3_n78_n78,2;2,40;100,2;2,2;2,0;1,3_n78,1,80,2,2,1
3_n78_n78,2;2,40;100,2;2,2;2,0;1,3_n78,1,80,2,2,1
3_n78_n78,4;4,100;100,2;2,2;2,1;1,3_n78,1,100,2,2,1
3_n78_n78,2;2,40;100,2;2,2;2,0;1,3_n78,1,10,2,2,0
3_n78_n78,2;2,40;100,2;2,2;2,0;1,3_n78,1,10,2,2,0
3-7_n1,2,40,1,2,0,7_n1,1,20,1,2,0
3-7_n3,2,40,1,2,0,7_n3,1,20,1,2,0
3-7_n3,4,25,2,2,0,7_n3,1,40,1,2,0
3-7_n258,4,100,4,1,0,7_n258,2,100,4,1,0
3-8_n40,2,80,2,2,1,8_n40,1,80,2,2,0
3-8_n40,4,80,2,2,1,8_n40,1,80,2,2,0
3-8_n258,4,100,4,1,0,8_n258,2,100,4,1,0
3-28_n40,2,80,2,2,1,28_n40,1,80,2,2,0
3-28_n40,4,80,2,2,1,28_n40,1,80,2,2,0
3-40_n1,2,40,1,2,0,40_n1,1,20,1,2,0
3-7_n1,2,40,1,2,0,3_n1,1,20,1,2,0
3-7_n1,2,40,1,2,0,3_n1,1,20,1,2,0
3-7_n3,2,40,1,2,0,3_n3,1,20,1,2,0
3-7_n3,2,40,1,2,0,3_n3,1,20,1,2,0
3-7_n3,4,25,2,2,0,3_n3,1,40,1,2,0
3-7_n7,2,40,1,2,0,3_n7,1,20,1,2,0
3-7_n7,2,30,2,2,0,3_n7,1,50,1,2,0
3-7_n40,4,80,2,2,1,3_n40,1,80,2,2,0
3-7_n258,4,100,4,1,0,3_n258,2,100,4,1,0
3-8_n1,2,40,1,2,0,3_n1,1,20,1,2,0
3-8_n40,4,80,2,2,1,3_n40,1,80,2,2,0
3-8_n258,4,100,4,1,0,3_n258,2,100,4,1,0
3-28_n1,2,40,1,2,0,3_n1,1,20,1,2,0
3-28_n3,2,40,1,2,0,3_n3,1,20,1,2,0
3-28_n3,4,25,2,2,0,3_n3,1,40,1,2,0
3-28_n7,2,40,1,2,0,3_n7,1,20,1,2,0
3-28_n7,2,30,2,2,0,3_n7,1,50,1,2,0
3-28_n40,4,80,2,2,1,3_n40,1,80,2,2,0
3-40_n1,2,40,1,2,0,3_n1,1,20,1,2,0
3-40_n1,2,40,1,2,0,3_n1,1,20,1,2,0
3_n1_n28,2;2,40;30,1;1,2;2,0;0,3_n28,1,20,1,2,0
3_n1_n40,2;4,40;80,1;2,2;2,0;1,3_n40,1,80,2,2,0
3_n1_n28,2;2,40;30,1;1,2;2,0;0,3_n1,1,20,1,2,0
3_n1_n40,2;4,40;80,1;2,2;2,0;1,3_n1,1,20,1,2,0
3_n1_n78,2;4,40;100,1;2,2;2,0;1,3_n1,1,20,1,2,0
3_n8_n40,2;4,5;80,1;2,2;2,0;1,3_n40,1,80,2,2,0
3_n8_n40,2;4,10;80,1;2,2;2,0;1,3_n40,1,80,2,2,0
3_n8_n40,2;2,5;80,1;2,2;2,0;1,3_n8,1,5,1,2,0
3_n8_n40,2;4,5;80,1;2,2;2,0;1,3_n8,1,5,1,2,0
3_n8_n40,2;4,10;80,1;2,2;2,0;1,3_n8,1,10,1,2,0
3_n28_n40,2;4,10;80,1;2,2;2,0;1,3_n40,1,80,2,2,0
3_n28_n40,2;4,30;80,1;2,2;2,0;1,3_n40,1,80,2,2,0
3_n28_n40,2;2,10;80,1;2,2;2,0;1,3_n28,1,10,1,2,0
3_n28_n40,2;4,10;80,1;2,2;2,0;1,3_n28,1,10,1,2,0
3_n28_n40,2;4,30;80,1;2,2;2,0;1,3_n28,1,20,1,2,0
3_n40_n78,2;4,80;100,2;2,2;2,1;1,3_n78,1,100,2,2,1
3_n40_n78,4;4,80;100,2;2,2;2,1;1,3_n78,1,100,2,2,1
3_n40_n78,4;4,80;100,2;2,2;2,1;1,3_n40,1,80,2,2,0
3_n40,4;4,80;40,2;2,2;2,1;0,3_n40,1,80,2,2,0
3_n258G,4;4,100;100,4;4,1;1,0;0,3_n258,2,100,4,1,0
3C_n78,4,100,2,2,1,3_n78,1,100,2,2,1
3C_n78,4,100,2,2,1,3_n78,1,100,2,2,1
7-8_n1,2,30,1,2,0,8_n1,1,20,1,2,0
7-8_n1,2,40,1,2,0,8_n1,1,20,1,2,0
7-8_n1,2,40,1,2,0,8_n1,1,20,1,2,0
7-8_n3,2,30,1,2,0,8_n3,1,20,1,2,0
7-8_n3,2,40,1,2,0,8_n3,1,20,1,2,0
7-8_n3,2,40,1,2,0,8_n3,1,20,1,2,0
7-8_n3,4,25,2,2,0,8_n3,1,40,1,2,0
7-8_n40,4,80,2,2,1,8_n40,1,80,2,2,0
7-8_n40,4,80,2,2,1,8_n40,1,80,2,2,0
7-28_n1,2,30,1,2,0,28_n1,1,20,1,2,0
7-28_n1,2,40,1,2,0,28_n1,1,20,1,2,0
7-28_n1,2,40,1,2,0,28_n1,1,20,1,2,0
7-28_n3,2,30,1,2,0,28_n3,1,20,1,2,0
7-28_n3,2,40,1,2,0,28_n3,1,20,1,2,0
7-28_n3,2,40,1,2,0,28_n3,1,20,1,2,0
7-28_n3,4,25,2,2,0,28_n3,1,40,1,2,0
7-28_n40,4,80,2,2,1,28_n40,1,80,2,2,0
7-28_n40,4,80,2,2,1,28_n40,1,80,2,2,0
7-40_n78,4,100,2,2,1,40_n78,1,100,2,2,1
7-40_n78,4,100,2,2,1,40_n78,1,100,2,2,1
7-40_n78,4,100,2,2,1,7_n78,1,100,2,2,1
7-40_n78,4,100,2,2,1,7_n78,1,100,2,2,1
7_n1_n78,2;4,30;100,1;2,2;2,0;1,7_n78,1,100,2,2,1
7_n1_n78,2;4,40;100,1;2,2;2,0;1,7_n78,1,100,2,2,1
7_n1_n78,2;4,40;100,1;2,2;2,0;1,7_n78,1,100,2,2,1
7_n8_n40,2;4,5;80,1;2,2;2,0;1,7_n8,1,5,1,2,0
7_n8_n40,2;4,5;80,1;2,2;2,0;1,7_n8,1,5,1,2,0
7_n8_n40,2;4,10;80,1;2,2;2,0;1,7_n8,1,10,1,2,0
7_n28_n40,2;4,10;80,1;2,2;2,0;1,7_n28,1,10,1,2,0
7_n28_n40,2;4,10;80,1;2,2;2,0;1,7_n28,1,10,1,2,0
7_n28_n40,2;4,30;80,1;2,2;2,0;1,7_n28,1,20,1,2,0
7_n40_n78,4;4,80;100,2;2,2;2,1;1,7_n78,1,100,2,2,1
7_n40_n78,4;4,80;100,2;2,2;2,1;1,7_n78,1,100,2,2,1
7-8_n78,4,100,2,2,1,8_n78,1,100,2,2,1
7-8_n258,4,100,4,1,0,8_n258,2,100,4,1,0
7-28_n7,2,40,1,2,0,28_n7,1,20,1,2,0
7-28_n7,2,30,2,2,0,28_n7,1,50,1,2,0
7-28_n78,4,100,2,2,1,28_n78,1,100,2,2,1
7-40_n1,2,40,1,2,0,40_n1,1,20,1,2,0
7-8_n1,2,40,1,2,0,7_n1,1,20,1,2,0
7-8_n3,2,40,1,2,0,7_n3,1,20,1,2,0
7-8_n3,4,25,2,2,0,7_n3,1,40,1,2,0
7-8_n78,4,100,2,2,1,7_n78,1,100,2,2,1
7-8_n258,4,100,4,1,0,7_n258,2,100,4,1,0
7-28_n1,2,40,1,2,0,7_n1,1,20,1,2,0
7-28_n3,2,40,1,2,0,7_n3,1,20,1,2,0
7-28_n3,4,25,2,2,0,7_n3,1,40,1,2,0
7-28_n78,4,100,2,2,1,7_n78,1,100,2,2,1
7-40_n1,2,40,1,2,0,7_n1,1,20,1,2,0
7_n1_n40,2;4,40;80,1;2,2;2,0;1,7_n1,1,20,1,2,0
7_n1_n78,2;4,40;100,1;2,2;2,0;1,7_n1,1,20,1,2,0
7_n8_n78,2;4,5;100,1;2,2;2,0;1,7_n78,1,100,2,2,1
7_n8_n78,2;4,10;100,1;2,2;2,0;1,7_n78,1,100,2,2,1
7_n8_n78,2;4,5;100,1;2,2;2,0;1,7_n8,1,5,1,2,0
7_n8_n78,2;4,10;100,1;2,2;2,0;1,7_n8,1,10,1,2,0
7_n28_n78,2;4,10;100,1;2,2;2,0;1,7_n78,1,100,2,2,1
7_n28_n78,2;4,30;100,1;2,2;2,0;1,7_n78,1,100,2,2,1
7_n28_n78,2;4,10;100,1;2,2;2,0;1,7_n28,1,10,1,2,0
7_n28_n78,2;4,30;100,1;2,2;2,0;1,7_n28,1,20,1,2,0
7_n78_n78,2;2,40;100,2;2,2;2,0;1,7_n78,1,80,2,2,1
7_n78_n78,4;4,100;100,2;2,2;2,1;1,7_n78,1,100,2,2,1
7_n78_n78,2;2,40;100,2;2,2;2,0;1,7_n78,1,10,2,2,0
7_n258G,4;4,100;100,4;4,1;1,0;0,7_n258,2,100,4,1,0
7C_n78,4,100,2,2,1,7_n78,1,100,2,2,1
8-40_n78,4,100,2,2,1,40_n78,1,100,2,2,1
8-40_n78,4,100,2,2,1,40_n78,1,100,2,2,1
8-40_n1,2,40,1,2,0,40_n1,1,20,1,2,0
8-40_n1,2,30,1,2,0,8_n1,1,20,1,2,0
8-40_n1,2,40,1,2,0,8_n1,1,20,1,2,0
8-40_n1,2,40,1,2,0,8_n1,1,20,1,2,0
8-40_n78,4,100,2,2,1,8_n78,1,100,2,2,1
8-40_n78,4,100,2,2,1,8_n78,1,100,2,2,1
8_n1_n78,2;4,30;100,1;2,2;2,0;1,8_n78,1,100,2,2,1
8_n1_n78,2;4,40;100,1;2,2;2,0;1,8_n78,1,100,2,2,1
8_n1_n78,2;4,30;100,1;2,2;2,0;1,8_n1,1,20,1,2,0
8_n1_n78,2;4,40;100,1;2,2;2,0;1,8_n1,1,20,1,2,0
8_n1_n40,2;4,40;80,1;2,2;2,0;1,8_n40,1,80,2,2,0
8_n1_n40,2;4,40;80,1;2,2;2,0;1,8_n1,1,20,1,2,0
8_n40_n78,4;4,80;100,2;2,2;2,1;1,8_n78,1,100,2,2,1
8_n40_n78,4;4,80;100,2;2,2;2,1;1,8_n40,1,80,2,2,0
8_n78_n78,4;4,100;100,2;2,2;2,1;1,8_n78,1,100,2,2,1
8_n258G,4;4,100;100,4;4,1;1,0;0,8_n258,2,100,4,1,0
28-40_n78,4,100,2,2,1,40_n78,1,100,2,2,1
28-40_n78,4,100,2,2,1,40_n78,1,100,2,2,1
28-40_n78,4,100,2,2,1,28_n78,1,100,2,2,1
28-40_n78,4,100,2,2,1,28_n78,1,100,2,2,1
28_n1_n78,2;4,30;100,1;2,2;2,0;1,28_n78,1,100,2,2,1
28_n1_n78,2;4,40;100,1;2,2;2,0;1,28_n78,1,100,2,2,1
28_n1_n78,2;4,30;100,1;2,2;2,0;1,28_n1,1,20,1,2,0
28_n1_n78,2;4,40;100,1;2,2;2,0;1,28_n1,1,20,1,2,0
28_n1_n40,2;4,40;80,1;2,2;2,0;1,28_n40,1,80,2,2,0
28_n1_n40,2;4,40;80,1;2,2;2,0;1,28_n1,1,20,1,2,0
28_n40_n78,4;4,80;100,2;2,2;2,1;1,28_n78,1,100,2,2,1
28_n40_n78,4;4,80;100,2;2,2;2,1;1,28_n40,1,80,2,2,0
28_n78_n78,2;2,40;100,2;2,2;2,0;1,28_n78,1,80,2,2,1
28_n78_n78,4;4,100;100,2;2,2;2,1;1,28_n78,1,100,2,2,1
28_n78_n78,2;2,40;100,2;2,2;2,0;1,28_n78,1,10,2,2,0
28_n258G,4;4,100;100,4;4,1;1,0;0,28_n258,2,100,4,1,0
40_n1_n78,2;4,40;100,1;2,2;2,0;1,40_n78,1,100,2,2,1
40_n1_n78,2;4,40;100,1;2,2;2,0;1,40_n1,1,20,1,2,0
40_n78_n78,4;4,100;100,2;2,2;2,1;1,40_n78,1,100,2,2,1
40C_n78,4,100,2,2,1,40_n78,1,100,2,2,1
40C_n78,4,100,2,2,1,40_n78,1,100,2,2,1
40C_n1,2,40,1,2,0,40_n1,1,20,1,2,0
n78_n258G,4;4;4,100;100;100,2;4;4,2;1;1,1;0;0,n78_n258G,2;2;2,100;100;100,2;4;4,2;1;1,1;0;0
1-3_n78_n78,2;2,40;100,2;2,2;2,0;1,3_n78,1,80,2,2,1
1-3_n78_n78,2;2,40;100,2;2,2;2,0;1,3_n78,1,80,2,2,1
1-3_n78_n78,4;4,100;100,2;2,2;2,1;1,3_n78,1,100,2,2,1
1-3_n78_n78,2;2,40;100,2;2,2;2,0;1,3_n78,1,10,2,2,0
1-3_n78_n78,2;2,40;100,2;2,2;2,0;1,3_n78,1,10,2,2,0
1-3C_n78,4,100,2,2,1,3_n78,1,100,2,2,1
1-3C_n78,4,100,2,2,1,3_n78,1,100,2,2,1
1-7_n78_n78,2;2,40;100,2;2,2;2,0;1,7_n78,1,80,2,2,1
1-7_n78_n78,2;2,40;100,2;2,2;2,0;1,7_n78,1,80,2,2,1
1-7_n78_n78,2;2,40;100,2;2,2;2,0;1,7_n78,1,80,2,2,1
1-7_n78_n78,4;4,100;100,2;2,2;2,1;1,7_n78,1,100,2,2,1
1-7_n78_n78,2;2,40;100,2;2,2;2,0;1,7_n78,1,10,2,2,0
1-7_n78_n78,2;2,40;100,2;2,2;2,0;1,7_n78,1,10,2,2,0
1-7_n78_n78,2;2,40;100,2;2,2;2,0;1,7_n78,1,10,2,2,0
1-40C_n78,4,100,2,2,1,40_n78,1,100,2,2,1
1-40C_n78,4,100,2,2,1,40_n78,1,100,2,2,1
1-40C_n78,4,100,2,2,1,40_n78,1,100,2,2,1
1-3_n78_n78,2;2,40;100,2;2,2;2,0;1,1_n78,1,80,2,2,1
1-3_n78_n78,2;2,40;100,2;2,2;2,0;1,1_n78,1,80,2,2,1
1-3_n78_n78,4;4,100;100,2;2,2;2,1;1,1_n78,1,100,2,2,1
1-3_n78_n78,2;2,40;100,2;2,2;2,0;1,1_n78,1,10,2,2,0
1-3_n78_n78,2;2,40;100,2;2,2;2,0;1,1_n78,1,10,2,2,0
1-3C_n78,4,100,2,2,1,1_n78,1,100,2,2,1
1-3C_n78,4,100,2,2,1,1_n78,1,100,2,2,1
1-7_n78_n78,2;2,40;100,2;2,2;2,0;1,1_n78,1,80,2,2,1
1-7_n78_n78,2;2,40;100,2;2,2;2,0;1,1_n78,1,80,2,2,1
1-7_n78_n78,2;2,40;100,2;2,2;2,0;1,1_n78,1,80,2,2,1
1-7_n78_n78,4;4,100;100,2;2,2;2,1;1,1_n78,1,100,2,2,1
1-7_n78_n78,2;2,40;100,2;2,2;2,0;1,1_n78,1,10,2,2,0
1-7_n78_n78,2;2,40;100,2;2,2;2,0;1,1_n78,1,10,2,2,0
1-7_n78_n78,2;2,40;100,2;2,2;2,0;1,1_n78,1,10,2,2,0
1-40C_n78,4,100,2,2,1,1_n78,1,100,2,2,1
1-40C_n78,4,100,2,2,1,1_n78,1,100,2,2,1
1-40C_n78,4,100,2,2,1,1_n78,1,100,2,2,1
1-3-7_n3,2,40,1,2,0,7_n3,1,20,1,2,0
1-3-7_n3,4,25,2,2,0,7_n3,1,40,1,2,0
1-3-7_n8,2,5,1,2,0,7_n8,1,5,1,2,0
1-3-7_n8,2,10,1,2,0,7_n8,1,10,1,2,0
1-3-7_n28,2,10,1,2,0,7_n28,1,10,1,2,0
1-3-7_n28,2,30,1,2,0,7_n28,1,20,1,2,0
1-3-7_n78,4,100,2,2,1,7_n78,1,100,2,2,1
1-3-8_n78,4,100,2,2,1,8_n78,1,100,2,2,1
1-3-28_n3,2,40,1,2,0,28_n3,1,20,1,2,0
1-3-28_n3,4,25,2,2,0,28_n3,1,40,1,2,0
1-3-28_n7,2,40,1,2,0,28_n7,1,20,1,2,0
1-3-28_n7,2,30,2,2,0,28_n7,1,50,1,2,0
1-3-28_n40,4,80,2,2,1,28_n40,1,80,2,2,0
1-3-28_n78,4,100,2,2,1,28_n78,1,100,2,2,1
1-3-40_n78,4,100,2,2,1,40_n78,1,100,2,2,1
1-3-7_n3,2,40,1,2,0,3_n3,1,20,1,2,0
1-3-7_n3,4,25,2,2,0,3_n3,1,40,1,2,0
1-3-7_n7,2,40,1,2,0,3_n7,1,20,1,2,0
1-3-7_n7,2,30,2,2,0,3_n7,1,50,1,2,0
1-3-7_n8,2,5,1,2,0,3_n8,1,5,1,2,0
1-3-7_n8,2,10,1,2,0,3_n8,1,10,1,2,0
1-3-7_n28,2,10,1,2,0,3_n28,1,10,1,2,0
1-3-7_n28,2,30,1,2,0,3_n28,1,20,1,2,0
1-3-7_n40,4,80,2,2,1,3_n40,1,80,2,2,0
1-3-7_n78,4,100,2,2,1,3_n78,1,100,2,2,1
1-3-8_n78,4,100,2,2,1,3_n78,1,100,2,2,1
1-3-28_n3,2,40,1,2,0,3_n3,1,20,1,2,0
1-3-28_n3,4,25,2,2,0,3_n3,1,40,1,2,0
1-3-28_n7,2,40,1,2,0,3_n7,1,20,1,2,0
1-3-28_n7,2,30,2,2,0,3_n7,1,50,1,2,0
1-3-28_n40,4,80,2,2,1,3_n40,1,80,2,2,0
1-3-28_n78,4,100,2,2,1,3_n78,1,100,2,2,1
1-3-40_n78,4,100,2,2,1,3_n78,1,100,2,2,1
1-3_n28_n78,2;4,10;100,1;2,2;2,0;1,3_n78,1,100,2,2,1
1-3_n28_n78,2;4,30;100,1;2,2;2,0;1,3_n78,1,100,2,2,1
1-3_n28_n78,2;4,10;100,1;2,2;2,0;1,3_n28,1,10,1,2,0
1-3_n28_n78,2;4,30;100,1;2,2;2,0;1,3_n28,1,20,1,2,0
1-3_n40_n78,4;4,80;100,2;2,2;2,1;1,3_n78,1,100,2,2,1
1-3_n40_n78,4;4,80;100,2;2,2;2,1;1,3_n40,1,80,2,2,0
1-7-8_n3,2,40,1,2,0,8_n3,1,20,1,2,0
1-7-8_n3,4,25,2,2,0,8_n3,1,40,1,2,0
1-7-8_n78,4,100,2,2,1,8_n78,1,100,2,2,1
1-7-28_n3,2,40,1,2,0,28_n3,1,20,1,2,0
1-7-28_n3,4,25,2,2,0,28_n3,1,40,1,2,0
1-7-28_n7,2,40,1,2,0,28_n7,1,20,1,2,0
1-7-28_n7,2,30,2,2,0,28_n7,1,50,1,2,0
1-7-28_n40,4,80,2,2,1,28_n40,1,80,2,2,0
1-7-28_n78,4,100,2,2,1,28_n78,1,100,2,2,1
1-7-40_n78,4,100,2,2,1,40_n78,1,100,2,2,1
1-7-8_n3,2,40,1,2,0,7_n3,1,20,1,2,0
1-7-8_n3,4,25,2,2,0,7_n3,1,40,1,2,0
1-7-8_n78,4,100,2,2,1,7_n78,1,100,2,2,1
1-7-28_n3,2,40,1,2,0,7_n3,1,20,1,2,0
1-7-28_n3,4,25,2,2,0,7_n3,1,40,1,2,0
1-7-28_n78,4,100,2,2,1,7_n78,1,100,2,2,1
1-7-40_n78,4,100,2,2,1,7_n78,1,100,2,2,1
1-7_n8_n78,2;4,5;100,1;2,2;2,0;1,7_n78,1,100,2,2,1
1-7_n8_n78,2;4,5;100,1;2,2;2,0;1,7_n8,1,5,1,2,0
1-7_n28_n78,2;4,10;100,1;2,2;2,0;1,7_n78,1,100,2,2,1
1-7_n28_n78,2;4,30;100,1;2,2;2,0;1,7_n78,1,100,2,2,1
1-7_n28_n78,2;4,10;100,1;2,2;2,0;1,7_n28,1,10,1,2,0
1-7_n28_n78,2;4,30;100,1;2,2;2,0;1,7_n28,1,20,1,2,0
1-7_n40_n78,4;4,80;100,2;2,2;2,1;1,7_n78,1,100,2,2,1
1-8-40_n78,4,100,2,2,1,40_n78,1,100,2,2,1
1-8-40_n78,4,100,2,2,1,8_n78,1,100,2,2,1
1-8_n40_n78,4;4,80;100,2;2,2;2,1;1,8_n78,1,100,2,2,1
1-8_n40_n78,4;4,80;100,2;2,2;2,1;1,8_n40,1,80,2,2,0
1-8_n78_n78,4;4,100;100,2;2,2;2,1;1,8_n78,1,100,2,2,1
1-28-40_n78,4,100,2,2,1,40_n78,1,100,2,2,1
1-28-40_n78,4,100,2,2,1,28_n78,1,100,2,2,1
1-28_n40_n78,4;4,80;100,2;2,2;2,1;1,28_n78,1,100,2,2,1
1-28_n40_n78,4;4,80;100,2;2,2;2,1;1,28_n40,1,80,2,2,0
1-40_n78_n78,4;4,100;100,2;2,2;2,1;1,40_n78,1,100,2,2,1
1-3-7_n3,2,40,1,2,0,1_n3,1,20,1,2,0
1-3-7_n3,4,25,2,2,0,1_n3,1,40,1,2,0
1-3-7_n7,2,40,1,2,0,1_n7,1,20,1,2,0
1-3-7_n7,2,30,2,2,0,1_n7,1,50,1,2,0
1-3-7_n8,2,5,1,2,0,1_n8,1,5,1,2,0
1-3-7_n8,2,10,1,2,0,1_n8,1,10,1,2,0
1-3-7_n28,2,10,1,2,0,1_n28,1,10,1,2,0
1-3-7_n28,2,30,1,2,0,1_n28,1,20,1,2,0
1-3-7_n40,4,80,2,2,1,1_n40,1,80,2,2,0
1-3-7_n78,4,100,2,2,1,1_n78,1,100,2,2,1
1-3-8_n78,4,100,2,2,1,1_n78,1,100,2,2,1
1-3-28_n3,2,40,1,2,0,1_n3,1,20,1,2,0
1-3-28_n3,4,25,2,2,0,1_n3,1,40,1,2,0
1-3-28_n7,2,40,1,2,0,1_n7,1,20,1,2,0
1-3-28_n7,2,30,2,2,0,1_n7,1,50,1,2,0
1-3-28_n40,4,80,2,2,1,1_n40,1,80,2,2,0
1-3-28_n78,4,100,2,2,1,1_n78,1,100,2,2,1
1-3-40_n78,4,100,2,2,1,1_n78,1,100,2,2,1
1-3_n28_n78,2;4,10;100,1;2,2;2,0;1,1_n78,1,100,2,2,1
1-3_n28_n78,2;4,30;100,1;2,2;2,0;1,1_n78,1,100,2,2,1
1-3_n28_n78,2;4,10;100,1;2,2;2,0;1,1_n28,1,10,1,2,0
1-3_n28_n78,2;4,30;100,1;2,2;2,0;1,1_n28,1,20,1,2,0
1-3_n40_n78,4;4,80;100,2;2,2;2,1;1,1_n78,1,100,2,2,1
1-3_n40_n78,4;4,80;100,2;2,2;2,1;1,1_n40,1,80,2,2,0
1-7-8_n3,2,40,1,2,0,1_n3,1,20,1,2,0
1-7-8_n3,4,25,2,2,0,1_n3,1,40,1,2,0
1-7-8_n78,4,100,2,2,1,1_n78,1,100,2,2,1
1-7-28_n3,2,40,1,2,0,1_n3,1,20,1,2,0
1-7-28_n3,4,25,2,2,0,1_n3,1,40,1,2,0
1-7-28_n7,2,40,1,2,0,1_n7,1,20,1,2,0
1-7-28_n7,2,30,2,2,0,1_n7,1,50,1,2,0
1-7-28_n40,4,80,2,2,1,1_n40,1,80,2,2,0
1-7-28_n78,4,100,2,2,1,1_n78,1,100,2,2,1
1-7-40_n78,4,100,2,2,1,1_n78,1,100,2,2,1
1-7_n8_n78,2;4,5;100,1;2,2;2,0;1,1_n78,1,100,2,2,1
1-7_n8_n78,2;4,5;100,1;2,2;2,0;1,1_n8,1,5,1,2,0
1-7_n28_n78,2;4,10;100,1;2,2;2,0;1,1_n78,1,100,2,2,1
1-7_n28_n78,2;4,30;100,1;2,2;2,0;1,1_n78,1,100,2,2,1
1-7_n28_n78,2;4,10;100,1;2,2;2,0;1,1_n28,1,10,1,2,0
1-7_n28_n78,2;4,30;100,1;2,2;2,0;1,1_n28,1,20,1,2,0
1-7_n40_n78,4;4,80;100,2;2,2;2,1;1,1_n78,1,100,2,2,1
1-7_n40_n78,4;4,80;100,2;2,2;2,1;1,1_n40,1,80,2,2,0
1-8-40_n78,4,100,2,2,1,1_n78,1,100,2,2,1
1-8_n40_n78,4;4,80;100,2;2,2;2,1;1,1_n78,1,100,2,2,1
1-8_n40_n78,4;4,80;100,2;2,2;2,1;1,1_n40,1,80,2,2,0
1-8_n78_n78,4;4,100;100,2;2,2;2,1;1,1_n78,1,100,2,2,1
1-28-40_n78,4,100,2,2,1,1_n78,1,100,2,2,1
1-28_n40_n78,4;4,80;100,2;2,2;2,1;1,1_n78,1,100,2,2,1
1-28_n40_n78,4;4,80;100,2;2,2;2,1;1,1_n40,1,80,2,2,0
1-40_n78_n78,4;4,100;100,2;2,2;2,1;1,1_n78,1,100,2,2,1
1_n258H,4;4;4,100;100;100,4;4;4,1;1;1,0;0;0,1_n258,2,100,4,1,0
3-7_n78_n78,2;2,40;100,2;2,2;2,0;1,7_n78,1,80,2,2,1
3-7_n78_n78,2;2,40;100,2;2,2;2,0;1,7_n78,1,80,2,2,1
3-7_n78_n78,2;2,40;100,2;2,2;2,0;1,7_n78,1,80,2,2,1
3-7_n78_n78,4;4,100;100,2;2,2;2,1;1,7_n78,1,100,2,2,1
3-7_n78_n78,2;2,40;100,2;2,2;2,0;1,7_n78,1,10,2,2,0
3-7_n78_n78,2;2,40;100,2;2,2;2,0;1,7_n78,1,10,2,2,0
3-7_n78_n78,2;2,40;100,2;2,2;2,0;1,7_n78,1,10,2,2,0
3-40C_n78,4,100,2,2,1,40_n78,1,100,2,2,1
3-40C_n78,4,100,2,2,1,40_n78,1,100,2,2,1
3-40C_n78,4,100,2,2,1,40_n78,1,100,2,2,1
3-7_n78_n78,2;2,40;100,2;2,2;2,0;1,3_n78,1,80,2,2,1
3-7_n78_n78,2;2,40;100,2;2,2;2,0;1,3_n78,1,80,2,2,1
3-7_n78_n78,2;2,40;100,2;2,2;2,0;1,3_n78,1,80,2,2,1
3-7_n78_n78,4;4,100;100,2;2,2;2,1;1,3_n78,1,100,2,2,1
3-7_n78_n78,2;2,40;100,2;2,2;2,0;1,3_n78,1,10,2,2,0
3-7_n78_n78,2;2,40;100,2;2,2;2,0;1,3_n78,1,10,2,2,0
3-7_n78_n78,2;2,40;100,2;2,2;2,0;1,3_n78,1,10,2,2,0
3-40C_n78,4,100,2,2,1,3_n78,1,100,2,2,1
3-40C_n78,4,100,2,2,1,3_n78,1,100,2,2,1
3-40C_n78,4,100,2,2,1,3_n78,1,100,2,2,1
3-7-8_n1,2,40,1,2,0,8_n1,1,20,1,2,0
3-7-8_n40,4,80,2,2,1,8_n40,1,80,2,2,0
3-7-8_n78,4,100,2,2,1,8_n78,1,100,2,2,1
3-7-8_n258,4,100,4,1,0,8_n258,2,100,4,1,0
3-7-28_n1,2,40,1,2,0,28_n1,1,20,1,2,0
3-7-28_n3,2,40,1,2,0,28_n3,1,20,1,2,0
3-7-28_n3,4,25,2,2,0,28_n3,1,40,1,2,0
3-7-28_n7,2,40,1,2,0,28_n7,1,20,1,2,0
3-7-28_n7,2,30,2,2,0,28_n7,1,50,1,2,0
3-7-28_n40,4,80,2,2,1,28_n40,1,80,2,2,0
3-7-28_n78,4,100,2,2,1,28_n78,1,100,2,2,1
3-7-40_n1,2,40,1,2,0,40_n1,1,20,1,2,0
3-7-40_n78,4,100,2,2,1,40_n78,1,100,2,2,1
3-7-8_n1,2,40,1,2,0,7_n1,1,20,1,2,0
3-7-8_n78,4,100,2,2,1,7_n78,1,100,2,2,1
3-7-8_n258,4,100,4,1,0,7_n258,2,100,4,1,0
3-7-28_n1,2,40,1,2,0,7_n1,1,20,1,2,0
3-7-28_n3,2,40,1,2,0,7_n3,1,20,1,2,0
3-7-28_n3,4,25,2,2,0,7_n3,1,40,1,2,0
3-7-28_n78,4,100,2,2,1,7_n78,1,100,2,2,1
3-7-40_n1,2,40,1,2,0,7_n1,1,20,1,2,0
3-7-40_n78,4,100,2,2,1,7_n78,1,100,2,2,1
3-7_n1_n78,2;4,40;100,1;2,2;2,0;1,7_n78,1,100,2,2,1
3-7_n1_n40,2;4,40;80,1;2,2;2,0;1,7_n1,1,20,1,2,0
3-7_n1_n78,2;4,40;100,1;2,2;2,0;1,7_n1,1,20,1,2,0
3-7_n28_n78,2;4,10;100,1;2,2;2,0;1,7_n78,1,100,2,2,1
3-7_n28_n78,2;4,30;100,1;2,2;2,0;1,7_n78,1,100,2,2,1
3-7_n28_n78,2;4,10;100,1;2,2;2,0;1,7_n28,1,10,1,2,0
3-7_n28_n78,2;4,30;100,1;2,2;2,0;1,7_n28,1,20,1,2,0
3-7_n40_n78,4;4,80;100,2;2,2;2,1;1,7_n78,1,100,2,2,1
3-7_n258G,4;4,100;100,4;4,1;1,0;0,7_n258,2,100,4,1,0
3-8-40_n1,2,40,1,2,0,40_n1,1,20,1,2,0
3-8-40_n78,4,100,2,2,1,40_n78,1,100,2,2,1
3-8-40_n1,2,40,1,2,0,8_n1,1,20,1,2,0
3-8-40_n78,4,100,2,2,1,8_n78,1,100,2,2,1
3-8_n1_n78,2;4,40;100,1;2,2;2,0;1,8_n78,1,100,2,2,1
3-8_n1_n78,2;4,40;100,1;2,2;2,0;1,8_n1,1,20,1,2,0
3-8_n40_n78,4;4,80;100,2;2,2;2,1;1,8_n78,1,100,2,2,1
3-8_n40_n78,4;4,80;100,2;2,2;2,1;1,8_n40,1,80,2,2,0
3-8_n78_n78,4;4,100;100,2;2,2;2,1;1,8_n78,1,100,2,2,1
3-8_n258G,4;4,100;100,4;4,1;1,0;0,8_n258,2,100,4,1,0
3-28-40_n78,4,100,2,2,1,40_n78,1,100,2,2,1
3-28-40_n78,4,100,2,2,1,28_n78,1,100,2,2,1
3-28_n1_n40,2;4,40;80,1;2,2;2,0;1,28_n40,1,80,2,2,0
3-28_n1_n78,2;4,40;100,1;2,2;2,0;1,28_n78,1,100,2,2,1
3-28_n1_n40,2;4,40;80,1;2,2;2,0;1,28_n1,1,20,1,2,0
3-28_n1_n78,2;4,40;100,1;2,2;2,0;1,28_n1,1,20,1,2,0
3-28_n40_n78,4;4,80;100,2;2,2;2,1;1,28_n78,1,100,2,2,1
3-28_n40_n78,4;4,80;100,2;2,2;2,1;1,28_n40,1,80,2,2,0
3-40C_n1,2,40,1,2,0,40_n1,1,20,1,2,0
3-7-8_n1,2,40,1,2,0,3_n1,1,20,1,2,0
3-7-8_n40,4,80,2,2,1,3_n40,1,80,2,2,0
3-7-8_n78,4,100,2,2,1,3_n78,1,100,2,2,1
3-7-8_n258,4,100,4,1,0,3_n258,2,100,4,1,0
3-7-28_n1,2,40,1,2,0,3_n1,1,20,1,2,0
3-7-28_n3,2,40,1,2,0,3_n3,1,20,1,2,0
3-7-28_n3,4,25,2,2,0,3_n3,1,40,1,2,0
3-7-28_n7,2,40,1,2,0,3_n7,1,20,1,2,0
3-7-28_n7,2,30,2,2,0,3_n7,1,50,1,2,0
3-7-28_n40,4,80,2,2,1,3_n40,1,80,2,2,0
3-7-28_n78,4,100,2,2,1,3_n78,1,100,2,2,1
3-7-40_n1,2,40,1,2,0,3_n1,1,20,1,2,0
3-7-40_n78,4,100,2,2,1,3_n78,1,100,2,2,1
3-7_n1_n40,2;4,40;80,1;2,2;2,0;1,3_n40,1,80,2,2,0
3-7_n1_n78,2;4,40;100,1;2,2;2,0;1,3_n78,1,100,2,2,1
3-7_n1_n40,2;4,40;80,1;2,2;2,0;1,3_n1,1,20,1,2,0
3-7_n1_n78,2;4,40;100,1;2,2;2,0;1,3_n1,1,20,1,2,0
3-7_n28_n78,2;4,10;100,1;2,2;2,0;1,3_n78,1,100,2,2,1
3-7_n28_n78,2;4,30;100,1;2,2;2,0;1,3_n78,1,100,2,2,1
3-7_n28_n78,2;4,10;100,1;2,2;2,0;1,3_n28,1,10,1,2,0
3-7_n28_n78,2;4,30;100,1;2,2;2,0;1,3_n28,1,20,1,2,0
3-7_n40_n78,4;4,80;100,2;2,2;2,1;1,3_n78,1,100,2,2,1
3-7_n40_n78,4;4,80;100,2;2,2;2,1;1,3_n40,1,80,2,2,0
3-7_n258G,4;4,100;100,4;4,1;1,0;0,3_n258,2,100,4,1,0
3-8-40_n1,2,40,1,2,0,3_n1,1,20,1,2,0
3-8-40_n78,4,100,2,2,1,3_n78,1,100,2,2,1
3-8_n1_n78,2;4,40;100,1;2,2;2,0;1,3_n78,1,100,2,2,1
3-8_n1_n78,2;4,40;100,1;2,2;2,0;1,3_n1,1,20,1,2,0
3-8_n40_n78,4;4,80;100,2;2,2;2,1;1,3_n78,1,100,2,2,1
3-8_n40_n78,4;4,80;100,2;2,2;2,1;1,3_n40,1,80,2,2,0
3-8_n78_n78,4;4,100;100,2;2,2;2,1;1,3_n78,1,100,2,2,1
3-8_n258G,4;4,100;100,4;4,1;1,0;0,3_n258,2,100,4,1,0
3-28-40_n78,4,100,2,2,1,3_n78,1,100,2,2,1
3-28_n1_n40,2;4,40;80,1;2,2;2,0;1,3_n40,1,80,2,2,0
3-28_n1_n78,2;4,40;100,1;2,2;2,0;1,3_n78,1,100,2,2,1
3-28_n1_n40,2;4,40;80,1;2,2;2,0;1,3_n1,1,20,1,2,0
3-28_n1_n78,2;4,40;100,1;2,2;2,0;1,3_n1,1,20,1,2,0
3-28_n40_n78,4;4,80;100,2;2,2;2,1;1,3_n78,1,100,2,2,1
3-28_n40_n78,4;4,80;100,2;2,2;2,1;1,3_n40,1,80,2,2,0
3-40C_n1,2,40,1,2,0,3_n1,1,20,1,2,0
3-40C_n1,2,40,1,2,0,3_n1,1,20,1,2,0
3_n258H,4;4;4,100;100;100,4;4;4,1;1;1,0;0;0,3_n258,2,100,4,1,0
3C-7_n78,4,100,2,2,1,7_n78,1,100,2,2,1
3C-7_n78,4,100,2,2,1,7_n78,1,100,2,2,1
3C-7_n78,4,100,2,2,1,7_n78,1,100,2,2,1
3C-7_n78,4,100,2,2,1,3_n78,1,100,2,2,1
3C-7_n78,4,100,2,2,1,3_n78,1,100,2,2,1
3C-7_n78,4,100,2,2,1,3_n78,1,100,2,2,1
7-40C_n78,4,100,2,2,1,40_n78,1,100,2,2,1
7-40C_n78,4,100,2,2,1,40_n78,1,100,2,2,1
7-40C_n78,4,100,2,2,1,7_n78,1,100,2,2,1
7-40C_n78,4,100,2,2,1,7_n78,1,100,2,2,1
7-8-40_n1,2,40,1,2,0,40_n1,1,20,1,2,0
7-8-40_n78,4,100,2,2,1,40_n78,1,100,2,2,1
7-8-40_n1,2,40,1,2,0,8_n1,1,20,1,2,0
7-8-40_n78,4,100,2,2,1,8_n78,1,100,2,2,1
7-8_n1_n78,2;4,40;100,1;2,2;2,0;1,8_n78,1,100,2,2,1
7-8_n1_n78,2;4,40;100,1;2,2;2,0;1,8_n1,1,20,1,2,0
7-8_n40_n78,4;4,80;100,2;2,2;2,1;1,8_n78,1,100,2,2,1
7-8_n40_n78,4;4,80;100,2;2,2;2,1;1,8_n40,1,80,2,2,0
7-8_n78_n78,4;4,100;100,2;2,2;2,1;1,8_n78,1,100,2,2,1
7-8_n258G,4;4,100;100,4;4,1;1,0;0,8_n258,2,100,4,1,0
7-28_n1_n40,2;4,40;80,1;2,2;2,0;1,28_n40,1,80,2,2,0
7-28_n1_n78,2;4,40;100,1;2,2;2,0;1,28_n78,1,100,2,2,1
7-28_n1_n40,2;4,40;80,1;2,2;2,0;1,28_n1,1,20,1,2,0
7-28_n1_n78,2;4,40;100,1;2,2;2,0;1,28_n1,1,20,1,2,0
7-28_n40_n78,4;4,80;100,2;2,2;2,1;1,28_n78,1,100,2,2,1
7-28_n40_n78,4;4,80;100,2;2,2;2,1;1,28_n40,1,80,2,2,0
7-40C_n1,2,40,1,2,0,40_n1,1,20,1,2,0
7-8-40_n1,2,40,1,2,0,7_n1,1,20,1,2,0
7-8-40_n78,4,100,2,2,1,7_n78,1,100,2,2,1
7-8_n1_n78,2;4,40;100,1;2,2;2,0;1,7_n78,1,100,2,2,1
7-8_n1_n78,2;4,40;100,1;2,2;2,0;1,7_n1,1,20,1,2,0
7-8_n40_n78,4;4,80;100,2;2,2;2,1;1,7_n78,1,100,2,2,1
7-8_n78_n78,4;4,100;100,2;2,2;2,1;1,7_n78,1,100,2,2,1
7-8_n258G,4;4,100;100,4;4,1;1,0;0,7_n258,2,100,4,1,0
7-28_n1_n78,2;4,40;100,1;2,2;2,0;1,7_n78,1,100,2,2,1
7-28_n1_n40,2;4,40;80,1;2,2;2,0;1,7_n1,1,20,1,2,0
7-28_n1_n78,2;4,40;100,1;2,2;2,0;1,7_n1,1,20,1,2,0
7-28_n40_n78,4;4,80;100,2;2,2;2,1;1,7_n78,1,100,2,2,1
7-40C_n1,2,40,1,2,0,7_n1,1,20,1,2,0
7_n258H,4;4;4,100;100;100,4;4;4,1;1;1,0;0;0,7_n258,2,100,4,1,0
8-40C_n78,4,100,2,2,1,40_n78,1,100,2,2,1
8-40C_n78,4,100,2,2,1,40_n78,1,100,2,2,1
8-40C_n1,2,40,1,2,0,40_n1,1,20,1,2,0
8-40C_n1,2,30,1,2,0,8_n1,1,20,1,2,0
8-40C_n1,2,40,1,2,0,8_n1,1,20,1,2,0
8-40C_n1,2,40,1,2,0,8_n1,1,20,1,2,0
8-40C_n78,4,100,2,2,1,8_n78,1,100,2,2,1
8-40C_n78,4,100,2,2,1,8_n78,1,100,2,2,1
8_n258H,4;4;4,100;100;100,4;4;4,1;1;1,0;0;0,8_n258,2,100,4,1,0
28-40C_n78,4,100,2,2,1,40_n78,1,100,2,2,1
28-40C_n78,4,100,2,2,1,40_n78,1,100,2,2,1
28-40C_n78,4,100,2,2,1,28_n78,1,100,2,2,1
28-40C_n78,4,100,2,2,1,28_n78,1,100,2,2,1
28_n258H,4;4;4,100;100;100,4;4;4,1;1;1,0;0;0,28_n258,2,100,4,1,0
n78_n258H,4;4;4;4,100;100;100;100,2;4;4;4,2;1;1;1,1;0;0;0,n78_n258G,2;2;2,100;100;100,2;4;4,2;1;1,1;0;0
1-3-7-40_n78,4,100,2,2,1,40_n78,1,100,2,2,1
1-3-7-40_n78,4,100,2,2,1,7_n78,1,100,2,2,1
1-3-7_n40_n78,4;4,80;100,2;2,2;2,1;1,7_n78,1,100,2,2,1
1-3-7_n78_n78,2;2,40;100,2;2,2;2,0;1,7_n78,1,80,2,2,1
1-3-7_n78_n78,4;4,100;100,2;2,2;2,1;1,7_n78,1,100,2,2,1
1-3-7_n78_n78,2;2,40;100,2;2,2;2,0;1,7_n78,1,10,2,2,0
1-3-7-40_n78,4,100,2,2,1,3_n78,1,100,2,2,1
1-3-7_n40_n78,4;4,80;100,2;2,2;2,1;1,3_n78,1,100,2,2,1
1-3-7_n40_n78,4;4,80;100,2;2,2;2,1;1,3_n40,1,80,2,2,0
1-3-7_n78_n78,2;2,40;100,2;2,2;2,0;1,3_n78,1,80,2,2,1
1-3-7_n78_n78,4;4,100;100,2;2,2;2,1;1,3_n78,1,100,2,2,1
1-3-7_n78_n78,2;2,40;100,2;2,2;2,0;1,3_n78,1,10,2,2,0
1-3-7-40_n78,4,100,2,2,1,1_n78,1,100,2,2,1
1-3-7_n40_n78,4;4,80;100,2;2,2;2,1;1,1_n78,1,100,2,2,1
1-3-7_n40_n78,4;4,80;100,2;2,2;2,1;1,1_n40,1,80,2,2,0
1-3-7_n40_n78,4;4,80;100,2;2,2;2,1;1,1_n40,1,80,2,2,0
1-3-7_n78_n78,2;2,40;100,2;2,2;2,0;1,1_n78,1,80,2,2,1
1-3-7_n78_n78,4;4,100;100,2;2,2;2,1;1,1_n78,1,100,2,2,1
1-3-7_n78_n78,2;2,40;100,2;2,2;2,0;1,1_n78,1,10,2,2,0
1-3-7-8_n78,4,100,2,2,1,8_n78,1,100,2,2,1
1-3-7-28_n3,2,40,1,2,0,28_n3,1,20,1,2,0
1-3-7-28_n3,4,25,2,2,0,28_n3,1,40,1,2,0
1-3-7-28_n7,2,40,1,2,0,28_n7,1,20,1,2,0
1-3-7-28_n7,2,30,2,2,0,28_n7,1,50,1,2,0
1-3-7-28_n40,4,80,2,2,1,28_n40,1,80,2,2,0
1-3-7-28_n78,4,100,2,2,1,28_n78,1,100,2,2,1
1-3-7-8_n78,4,100,2,2,1,7_n78,1,100,2,2,1
1-3-7-28_n3,2,40,1,2,0,7_n3,1,20,1,2,0
1-3-7-28_n3,4,25,2,2,0,7_n3,1,40,1,2,0
1-3-7-28_n78,4,100,2,2,1,7_n78,1,100,2,2,1
1-3-7_n28_n78,2;4,10;100,1;2,2;2,0;1,7_n78,1,100,2,2,1
1-3-7_n28_n78,2;4,30;100,1;2,2;2,0;1,7_n78,1,100,2,2,1
1-3-7_n28_n78,2;4,10;100,1;2,2;2,0;1,7_n28,1,10,1,2,0
1-3-7_n28_n78,2;4,30;100,1;2,2;2,0;1,7_n28,1,20,1,2,0
1-3-8-40_n78,4,100,2,2,1,40_n78,1,100,2,2,1
1-3-8-40_n78,4,100,2,2,1,8_n78,1,100,2,2,1
1-3-8_n78_n78,4;4,100;100,2;2,2;2,1;1,8_n78,1,100,2,2,1
1-3-28-40_n78,4,100,2,2,1,40_n78,1,100,2,2,1
1-3-28-40_n78,4,100,2,2,1,28_n78,1,100,2,2,1
1-3-28_n40_n78,4;4,80;100,2;2,2;2,1;1,28_n78,1,100,2,2,1
1-3-28_n40_n78,4;4,80;100,2;2,2;2,1;1,28_n40,1,80,2,2,0
1-3-40C_n78,4,100,2,2,1,40_n78,1,100,2,2,1
1-3-7-8_n78,4,100,2,2,1,3_n78,1,100,2,2,1
1-3-7-28_n3,2,40,1,2,0,3_n3,1,20,1,2,0
1-3-7-28_n3,4,25,2,2,0,3_n3,1,40,1,2,0
1-3-7-28_n7,2,40,1,2,0,3_n7,1,20,1,2,0
1-3-7-28_n7,2,30,2,2,0,3_n7,1,50,1,2,0
1-3-7-28_n40,4,80,2,2,1,3_n40,1,80,2,2,0
1-3-7-28_n78,4,100,2,2,1,3_n78,1,100,2,2,1
1-3-7_n28_n78,2;4,10;100,1;2,2;2,0;1,3_n78,1,100,2,2,1
1-3-7_n28_n78,2;4,30;100,1;2,2;2,0;1,3_n78,1,100,2,2,1
1-3-7_n28_n78,2;4,10;100,1;2,2;2,0;1,3_n28,1,10,1,2,0
1-3-7_n28_n78,2;4,30;100,1;2,2;2,0;1,3_n28,1,20,1,2,0
1-3-8-40_n78,4,100,2,2,1,3_n78,1,100,2,2,1
1-3-8_n78_n78,4;4,100;100,2;2,2;2,1;1,3_n78,1,100,2,2,1
1-3-28-40_n78,4,100,2,2,1,3_n78,1,100,2,2,1
1-3-28_n40_n78,4;4,80;100,2;2,2;2,1;1,3_n78,1,100,2,2,1
1-3-28_n40_n78,4;4,80;100,2;2,2;2,1;1,3_n40,1,80,2,2,0
1-3-40C_n78,4,100,2,2,1,3_n78,1,100,2,2,1
1-3C-7_n78,4,100,2,2,1,7_n78,1,100,2,2,1
1-3C-7_n78,4,100,2,2,1,3_n78,1,100,2,2,1
1-7-8-40_n78,4,100,2,2,1,40_n78,1,100,2,2,1
1-7-8-40_n78,4,100,2,2,1,8_n78,1,100,2,2,1
1-7-8_n78_n78,4;4,100;100,2;2,2;2,1;1,8_n78,1,100,2,2,1
1-7-28_n40_n78,4;4,80;100,2;2,2;2,1;1,28_n78,1,100,2,2,1
1-7-28_n40_n78,4;4,80;100,2;2,2;2,1;1,28_n40,1,80,2,2,0
1-7-40C_n78,4,100,2,2,1,40_n78,1,100,2,2,1
1-7-8-40_n78,4,100,2,2,1,7_n78,1,100,2,2,1
1-7-8_n78_n78,4;4,100;100,2;2,2;2,1;1,7_n78,1,100,2,2,1
1-7-28_n40_n78,4;4,80;100,2;2,2;2,1;1,7_n78,1,100,2,2,1
1-7-40C_n78,4,100,2,2,1,7_n78,1,100,2,2,1
1-8-40C_n78,4,100,2,2,1,40_n78,1,100,2,2,1
1-8-40C_n78,4,100,2,2,1,8_n78,1,100,2,2,1
1-28-40C_n78,4,100,2,2,1,40_n78,1,100,2,2,1
1-28-40C_n78,4,100,2,2,1,28_n78,1,100,2,2,1
1-3-7-8_n78,4,100,2,2,1,1_n78,1,100,2,2,1
1-3-7-28_n3,2,40,1,2,0,1_n3,1,20,1,2,0
1-3-7-28_n3,4,25,2,2,0,1_n3,1,40,1,2,0
1-3-7-28_n7,2,40,1,2,0,1_n7,1,20,1,2,0
1-3-7-28_n7,2,30,2,2,0,1_n7,1,50,1,2,0
1-3-7-28_n40,4,80,2,2,1,1_n40,1,80,2,2,0
1-3-7-28_n78,4,100,2,2,1,1_n78,1,100,2,2,1
1-3-7_n28_n78,2;4,10;100,1;2,2;2,0;1,1_n78,1,100,2,2,1
1-3-7_n28_n78,2;4,30;100,1;2,2;2,0;1,1_n78,1,100,2,2,1
1-3-7_n28_n78,2;4,10;100,1;2,2;2,0;1,1_n28,1,10,1,2,0
1-3-7_n28_n78,2;4,30;100,1;2,2;2,0;1,1_n28,1,20,1,2,0
1-3-8-40_n78,4,100,2,2,1,1_n78,1,100,2,2,1
1-3-8_n78_n78,4;4,100;100,2;2,2;2,1;1,1_n78,1,100,2,2,1
1-3-28-40_n78,4,100,2,2,1,1_n78,1,100,2,2,1
1-3-28_n40_n78,4;4,80;100,2;2,2;2,1;1,1_n78,1,100,2,2,1
1-3-28_n40_n78,4;4,80;100,2;2,2;2,1;1,1_n40,1,80,2,2,0
1-3-40C_n78,4,100,2,2,1,1_n78,1,100,2,2,1
1-3C-7_n78,4,100,2,2,1,1_n78,1,100,2,2,1
1-7-8-40_n78,4,100,2,2,1,1_n78,1,100,2,2,1
1-7-8_n78_n78,4;4,100;100,2;2,2;2,1;1,1_n78,1,100,2,2,1
1-7-28_n40_n78,4;4,80;100,2;2,2;2,1;1,1_n78,1,100,2,2,1
1-7-28_n40_n78,4;4,80;100,2;2,2;2,1;1,1_n40,1,80,2,2,0
1-7-40C_n78,4,100,2,2,1,1_n78,1,100,2,2,1
1-8-40C_n78,4,100,2,2,1,1_n78,1,100,2,2,1
1-28-40C_n78,4,100,2,2,1,1_n78,1,100,2,2,1
1_n258I,4;4;4;4,100;100;100;100,4;4;4;4,1;1;1;1,0;0;0;0,1_n258,2,100,4,1,0
3-7-8-40_n1,2,40,1,2,0,40_n1,1,20,1,2,0
3-7-8-40_n78,4,100,2,2,1,40_n78,1,100,2,2,1
3-7-8-40_n1,2,40,1,2,0,8_n1,1,20,1,2,0
3-7-8-40_n78,4,100,2,2,1,8_n78,1,100,2,2,1
3-7-8_n1_n40,2;4,40;80,1;2,2;2,0;1,8_n40,1,80,2,2,0
3-7-8_n1_n78,2;4,40;100,1;2,2;2,0;1,8_n78,1,100,2,2,1
3-7-8_n1_n40,2;4,40;80,1;2,2;2,0;1,8_n1,1,20,1,2,0
3-7-8_n1_n78,2;4,40;100,1;2,2;2,0;1,8_n1,1,20,1,2,0
3-7-8_n40_n78,4;4,80;100,2;2,2;2,1;1,8_n78,1,100,2,2,1
3-7-8_n40_n78,4;4,80;100,2;2,2;2,1;1,8_n40,1,80,2,2,0
3-7-8_n258G,4;4,100;100,4;4,1;1,0;0,8_n258,2,100,4,1,0
3-7-28_n1_n40,2;4,40;80,1;2,2;2,0;1,28_n40,1,80,2,2,0
3-7-28_n1_n78,2;4,40;100,1;2,2;2,0;1,28_n78,1,100,2,2,1
3-7-28_n1_n40,2;4,40;80,1;2,2;2,0;1,28_n1,1,20,1,2,0
3-7-28_n1_n78,2;4,40;100,1;2,2;2,0;1,28_n1,1,20,1,2,0
3-7-28_n40_n78,4;4,80;100,2;2,2;2,1;1,28_n78,1,100,2,2,1
3-7-28_n40_n78,4;4,80;100,2;2,2;2,1;1,28_n40,1,80,2,2,0
3-7-40C_n1,2,40,1,2,0,40_n1,1,20,1,2,0
3-7-40C_n78,4,100,2,2,1,40_n78,1,100,2,2,1
3-7-8-40_n1,2,40,1,2,0,7_n1,1,20,1,2,0
3-7-8-40_n78,4,100,2,2,1,7_n78,1,100,2,2,1
3-7-8_n1_n78,2;4,40;100,1;2,2;2,0;1,7_n78,1,100,2,2,1
3-7-8_n1_n40,2;4,40;80,1;2,2;2,0;1,7_n1,1,20,1,2,0
3-7-8_n1_n78,2;4,40;100,1;2,2;2,0;1,7_n1,1,20,1,2,0
3-7-8_n40_n78,4;4,80;100,2;2,2;2,1;1,7_n78,1,100,2,2,1
3-7-8_n258G,4;4,100;100,4;4,1;1,0;0,7_n258,2,100,4,1,0
3-7-28_n1_n78,2;4,40;100,1;2,2;2,0;1,7_n78,1,100,2,2,1
3-7-28_n1_n40,2;4,40;80,1;2,2;2,0;1,7_n1,1,20,1,2,0
3-7-28_n1_n78,2;4,40;100,1;2,2;2,0;1,7_n1,1,20,1,2,0
3-7-28_n40_n78,4;4,80;100,2;2,2;2,1;1,7_n78,1,100,2,2,1
3-7-40C_n1,2,40,1,2,0,7_n1,1,20,1,2,0
3-7-40C_n78,4,100,2,2,1,7_n78,1,100,2,2,1
3-7_n258H,4;4;4,100;100;100,4;4;4,1;1;1,0;0;0,7_n258,2,100,4,1,0
3-8-40C_n1,2,40,1,2,0,40_n1,1,20,1,2,0
3-8-40C_n78,4,100,2,2,1,40_n78,1,100,2,2,1
3-8-40C_n1,2,40,1,2,0,8_n1,1,20,1,2,0
3-8-40C_n78,4,100,2,2,1,8_n78,1,100,2,2,1
3-8_n258H,4;4;4,100;100;100,4;4;4,1;1;1,0;0;0,8_n258,2,100,4,1,0
3-28-40C_n78,4,100,2,2,1,40_n78,1,100,2,2,1
3-28-40C_n78,4,100,2,2,1,28_n78,1,100,2,2,1
3-7-8-40_n1,2,40,1,2,0,3_n1,1,20,1,2,0
3-7-8-40_n78,4,100,2,2,1,3_n78,1,100,2,2,1
3-7-8_n1_n40,2;4,40;80,1;2,2;2,0;1,3_n40,1,80,2,2,0
3-7-8_n1_n78,2;4,40;100,1;2,2;2,0;1,3_n78,1,100,2,2,1
3-7-8_n1_n40,2;4,40;80,1;2,2;2,0;1,3_n1,1,20,1,2,0
3-7-8_n1_n78,2;4,40;100,1;2,2;2,0;1,3_n1,1,20,1,2,0
3-7-8_n40_n78,4;4,80;100,2;2,2;2,1;1,3_n78,1,100,2,2,1
3-7-8_n40_n78,4;4,80;100,2;2,2;2,1;1,3_n40,1,80,2,2,0
3-7-8_n258G,4;4,100;100,4;4,1;1,0;0,3_n258,2,100,4,1,0
3-7-28_n1_n40,2;4,40;80,1;2,2;2,0;1,3_n40,1,80,2,2,0
3-7-28_n1_n78,2;4,40;100,1;2,2;2,0;1,3_n78,1,100,2,2,1
3-7-28_n1_n40,2;4,40;80,1;2,2;2,0;1,3_n1,1,20,1,2,0
3-7-28_n1_n78,2;4,40;100,1;2,2;2,0;1,3_n1,1,20,1,2,0
3-7-28_n40_n78,4;4,80;100,2;2,2;2,1;1,3_n78,1,100,2,2,1
3-7-28_n40_n78,4;4,80;100,2;2,2;2,1;1,3_n40,1,80,2,2,0
3-7-40C_n1,2,40,1,2,0,3_n1,1,20,1,2,0
3-7-40C_n78,4,100,2,2,1,3_n78,1,100,2,2,1
3-7_n258H,4;4;4,100;100;100,4;4;4,1;1;1,0;0;0,3_n258,2,100,4,1,0
3-8-40C_n1,2,40,1,2,0,3_n1,1,20,1,2,0
3-8-40C_n78,4,100,2,2,1,3_n78,1,100,2,2,1
3-8_n258H,4;4;4,100;100;100,4;4;4,1;1;1,0;0;0,3_n258,2,100,4,1,0
3-28-40C_n78,4,100,2,2,1,3_n78,1,100,2,2,1
3_n258I,4;4;4;4,100;100;100;100,4;4;4;4,1;1;1;1,0;0;0;0,3_n258,2,100,4,1,0
7-8-40C_n1,2,40,1,2,0,40_n1,1,20,1,2,0
7-8-40C_n78,4,100,2,2,1,40_n78,1,100,2,2,1
7-8-40C_n1,2,40,1,2,0,8_n1,1,20,1,2,0
7-8-40C_n78,4,100,2,2,1,8_n78,1,100,2,2,1
7-8_n258H,4;4;4,100;100;100,4;4;4,1;1;1,0;0;0,8_n258,2,100,4,1,0
7-8-40C_n1,2,40,1,2,0,7_n1,1,20,1,2,0
7-8-40C_n78,4,100,2,2,1,7_n78,1,100,2,2,1
7-8_n258H,4;4;4,100;100;100,4;4;4,1;1;1,0;0;0,7_n258,2,100,4,1,0
7_n258I,4;4;4;4,100;100;100;100,4;4;4;4,1;1;1;1,0;0;0;0,7_n258,2,100,4,1,0
8_n258I,4;4;4;4,100;100;100;100,4;4;4;4,1;1;1;1,0;0;0;0,8_n258,2,100,4,1,0
28_n258I,4;4;4;4,100;100;100;100,4;4;4;4,1;1;1;1,0;0;0;0,28_n258,2,100,4,1,0
n78_n258I,4;4;4;4;4,100;100;100;100;100,2;4;4;4;4,2;1;1;1;1,1;0;0;0;0,n78_n258G,2;2;2,100;100;100,2;4;4,2;1;1,1;0;0
1-3-7-28_n40_n78,4;4,80;100,2;2,2;2,1;1,28_n78,1,100,2,2,1
1-3-7-28_n40_n78,4;4,80;100,2;2,2;2,1;1,28_n40,1,80,2,2,0
1-3-7-40C_n78,4,100,2,2,1,40_n78,1,100,2,2,1
1-3-7-28_n40_n78,4;4,80;100,2;2,2;2,1;1,7_n78,1,100,2,2,1
1-3-7-40C_n78,4,100,2,2,1,7_n78,1,100,2,2,1
1-3-7-28_n40_n78,4;4,80;100,2;2,2;2,1;1,3_n78,1,100,2,2,1
1-3-7-28_n40_n78,4;4,80;100,2;2,2;2,1;1,3_n40,1,80,2,2,0
1-3-7-40C_n78,4,100,2,2,1,3_n78,1,100,2,2,1
1-3-7-28_n40_n78,4;4,80;100,2;2,2;2,1;1,1_n78,1,100,2,2,1
1-3-7-28_n40_n78,4;4,80;100,2;2,2;2,1;1,1_n40,1,80,2,2,0
1-3-7-28_n40_n78,4;4,80;100,2;2,2;2,1;1,1_n40,1,80,2,2,0
1-3-7-40C_n78,4,100,2,2,1,1_n78,1,100,2,2,1
1-3-8-40C_n78,4,100,2,2,1,40_n78,1,100,2,2,1
1-3-8-40C_n78,4,100,2,2,1,8_n78,1,100,2,2,1
1-3-28-40C_n78,4,100,2,2,1,40_n78,1,100,2,2,1
1-3-28-40C_n78,4,100,2,2,1,28_n78,1,100,2,2,1
1-3-8-40C_n78,4,100,2,2,1,3_n78,1,100,2,2,1
1-3-28-40C_n78,4,100,2,2,1,3_n78,1,100,2,2,1
1-7-8-40C_n78,4,100,2,2,1,40_n78,1,100,2,2,1
1-7-8-40C_n78,4,100,2,2,1,8_n78,1,100,2,2,1
1-7-8-40C_n78,4,100,2,2,1,7_n78,1,100,2,2,1
1-3-8-40C_n78,4,100,2,2,1,1_n78,1,100,2,2,1
1-3-28-40C_n78,4,100,2,2,1,1_n78,1,100,2,2,1
1-7-8-40C_n78,4,100,2,2,1,1_n78,1,100,2,2,1
1_n258J,4;4;4;4;4,100;100;100;100;100,4;4;4;4;4,1;1;1;1;1,0;0;0;0;0,1_n258,2,100,4,1,0
3-7-8-40C_n1,2,40,1,2,0,40_n1,1,20,1,2,0
3-7-8-40C_n78,4,100,2,2,1,40_n78,1,100,2,2,1
3-7-8-40C_n1,2,40,1,2,0,8_n1,1,20,1,2,0
3-7-8-40C_n78,4,100,2,2,1,8_n78,1,100,2,2,1
3-7-8_n258H,4;4;4,100;100;100,4;4;4,1;1;1,0;0;0,8_n258,2,100,4,1,0
3-7-8-40C_n1,2,40,1,2,0,7_n1,1,20,1,2,0
3-7-8-40C_n78,4,100,2,2,1,7_n78,1,100,2,2,1
3-7-8_n258H,4;4;4,100;100;100,4;4;4,1;1;1,0;0;0,7_n258,2,100,4,1,0
3-7_n258I,4;4;4;4,100;100;100;100,4;4;4;4,1;1;1;1,0;0;0;0,7_n258,2,100,4,1,0
3-8_n258I,4;4;4;4,100;100;100;100,4;4;4;4,1;1;1;1,0;0;0;0,8_n258,2,100,4,1,0
3-7-8-40C_n1,2,40,1,2,0,3_n1,1,20,1,2,0
3-7-8-40C_n78,4,100,2,2,1,3_n78,1,100,2,2,1
3-7-8_n258H,4;4;4,100;100;100,4;4;4,1;1;1,0;0;0,3_n258,2,100,4,1,0
3-7_n258I,4;4;4;4,100;100;100;100,4;4;4;4,1;1;1;1,0;0;0;0,3_n258,2,100,4,1,0
3-8_n258I,4;4;4;4,100;100;100;100,4;4;4;4,1;1;1;1,0;0;0;0,3_n258,2,100,4,1,0
3_n258J,4;4;4;4;4,100;100;100;100;100,4;4;4;4;4,1;1;1;1;1,0;0;0;0;0,3_n258,2,100,4,1,0
7-8_n258I,4;4;4;4,100;100;100;100,4;4;4;4,1;1;1;1,0;0;0;0,8_n258,2,100,4,1,0
7-8_n258I,4;4;4;4,100;100;100;100,4;4;4;4,1;1;1;1,0;0;0;0,7_n258,2,100,4,1,0
7_n258J,4;4;4;4;4,100;100;100;100;100,4;4;4;4;4,1;1;1;1;1,0;0;0;0;0,7_n258,2,100,4,1,0
8_n258J,4;4;4;4;4,100;100;100;100;100,4;4;4;4;4,1;1;1;1;1,0;0;0;0;0,8_n258,2,100,4,1,0
28_n258J,4;4;4;4;4,100;100;100;100;100,4;4;4;4;4,1;1;1;1;1,0;0;0;0;0,28_n258,2,100,4,1,0
1_n258K,4;4;4;4;4;4,100;100;100;100;100;100,4;4;4;4;4;4,1;1;1;1;1;1,0;0;0;0;0;0,1_n258,2,100,4,1,0
3-7-8_n258I,4;4;4;4,100;100;100;100,4;4;4;4,1;1;1;1,0;0;0;0,8_n258,2,100,4,1,0
3-7-8_n258I,4;4;4;4,100;100;100;100,4;4;4;4,1;1;1;1,0;0;0;0,7_n258,2,100,4,1,0
3-7_n258J,4;4;4;4;4,100;100;100;100;100,4;4;4;4;4,1;1;1;1;1,0;0;0;0;0,7_n258,2,100,4,1,0
3-8_n258J,4;4;4;4;4,100;100;100;100;100,4;4;4;4;4,1;1;1;1;1,0;0;0;0;0,8_n258,2,100,4,1,0
3-7-8_n258I,4;4;4;4,100;100;100;100,4;4;4;4,1;1;1;1,0;0;0;0,3_n258,2,100,4,1,0
3-7_n258J,4;4;4;4;4,100;100;100;100;100,4;4;4;4;4,1;1;1;1;1,0;0;0;0;0,3_n258,2,100,4,1,0
3-8_n258J,4;4;4;4;4,100;100;100;100;100,4;4;4;4;4,1;1;1;1;1,0;0;0;0;0,3_n258,2,100,4,1,0
3_n258K,4;4;4;4;4;4,100;100;100;100;100;100,4;4;4;4;4;4,1;1;1;1;1;1,0;0;0;0;0;0,3_n258,2,100,4,1,0
7-8_n258J,4;4;4;4;4,100;100;100;100;100,4;4;4;4;4,1;1;1;1;1,0;0;0;0;0,8_n258,2,100,4,1,0
7-8_n258J,4;4;4;4;4,100;100;100;100;100,4;4;4;4;4,1;1;1;1;1,0;0;0;0;0,7_n258,2,100,4,1,0
7_n258K,4;4;4;4;4;4,100;100;100;100;100;100,4;4;4;4;4;4,1;1;1;1;1;1,0;0;0;0;0;0,7_n258,2,100,4,1,0
8_n258K,4;4;4;4;4;4,100;100;100;100;100;100,4;4;4;4;4;4,1;1;1;1;1;1,0;0;0;0;0;0,8_n258,2,100,4,1,0
28_n258K,4;4;4;4;4;4,100;100;100;100;100;100,4;4;4;4;4;4,1;1;1;1;1;1,0;0;0;0;0;0,28_n258,2,100,4,1,0
1_n258L,4;4;4;4;4;4;4,100;100;100;100;100;100;100,4;4;4;4;4;4;4,1;1;1;1;1;1;1,0;0;0;0;0;0;0,1_n258,2,100,4,1,0
3-7-8_n258J,4;4;4;4;4,100;100;100;100;100,4;4;4;4;4,1;1;1;1;1,0;0;0;0;0,8_n258,2,100,4,1,0
3-7-8_n258J,4;4;4;4;4,100;100;100;100;100,4;4;4;4;4,1;1;1;1;1,0;0;0;0;0,7_n258,2,100,4,1,0
3-7_n258K,4;4;4;4;4;4,100;100;100;100;100;100,4;4;4;4;4;4,1;1;1;1;1;1,0;0;0;0;0;0,7_n258,2,100,4,1,0
3-8_n258K,4;4;4;4;4;4,100;100;100;100;100;100,4;4;4;4;4;4,1;1;1;1;1;1,0;0;0;0;0;0,8_n258,2,100,4,1,0
3-7-8_n258J,4;4;4;4;4,100;100;100;100;100,4;4;4;4;4,1;1;1;1;1,0;0;0;0;0,3_n258,2,100,4,1,0
3-7_n258K,4;4;4;4;4;4,100;100;100;100;100;100,4;4;4;4;4;4,1;1;1;1;1;1,0;0;0;0;0;0,3_n258,2,100,4,1,0
3-8_n258K,4;4;4;4;4;4,100;100;100;100;100;100,4;4;4;4;4;4,1;1;1;1;1;1,0;0;0;0;0;0,3_n258,2,100,4,1,0
3_n258L,4;4;4;4;4;4;4,100;100;100;100;100;100;100,4;4;4;4;4;4;4,1;1;1;1;1;1;1,0;0;0;0;0;0;0,3_n258,2,100,4,1,0
7-8_n258K,4;4;4;4;4;4,100;100;100;100;100;100,4;4;4;4;4;4,1;1;1;1;1;1,0;0;0;0;0;0,8_n258,2,100,4,1,0
7-8_n258K,4;4;4;4;4;4,100;100;100;100;100;100,4;4;4;4;4;4,1;1;1;1;1;1,0;0;0;0;0;0,7_n258,2,100,4,1,0
7_n258L,4;4;4;4;4;4;4,100;100;100;100;100;100;100,4;4;4;4;4;4;4,1;1;1;1;1;1;1,0;0;0;0;0;0;0,7_n258,2,100,4,1,0
8_n258L,4;4;4;4;4;4;4,100;100;100;100;100;100;100,4;4;4;4;4;4;4,1;1;1;1;1;1;1,0;0;0;0;0;0;0,8_n258,2,100,4,1,0
28_n258L,4;4;4;4;4;4;4,100;100;100;100;100;100;100,4;4;4;4;4;4;4,1;1;1;1;1;1;1,0;0;0;0;0;0;0,28_n258,2,100,4,1,0
1_n258M,4;4;4;4;4;4;4;4,100;100;100;100;100;100;100;100,4;4;4;4;4;4;4;4,1;1;1;1;1;1;1;1,0;0;0;0;0;0;0;0,1_n258,2,100,4,1,0
3-7-8_n258K,4;4;4;4;4;4,100;100;100;100;100;100,4;4;4;4;4;4,1;1;1;1;1;1,0;0;0;0;0;0,8_n258,2,100,4,1,0
3-7-8_n258K,4;4;4;4;4;4,100;100;100;100;100;100,4;4;4;4;4;4,1;1;1;1;1;1,0;0;0;0;0;0,7_n258,2,100,4,1,0
3-7_n258L,4;4;4;4;4;4;4,100;100;100;100;100;100;100,4;4;4;4;4;4;4,1;1;1;1;1;1;1,0;0;0;0;0;0;0,7_n258,2,100,4,1,0
3-8_n258L,4;4;4;4;4;4;4,100;100;100;100;100;100;100,4;4;4;4;4;4;4,1;1;1;1;1;1;1,0;0;0;0;0;0;0,8_n258,2,100,4,1,0
3-7-8_n258K,4;4;4;4;4;4,100;100;100;100;100;100,4;4;4;4;4;4,1;1;1;1;1;1,0;0;0;0;0;0,3_n258,2,100,4,1,0
3-7_n258L,4;4;4;4;4;4;4,100;100;100;100;100;100;100,4;4;4;4;4;4;4,1;1;1;1;1;1;1,0;0;0;0;0;0;0,3_n258,2,100,4,1,0
3-8_n258L,4;4;4;4;4;4;4,100;100;100;100;100;100;100,4;4;4;4;4;4;4,1;1;1;1;1;1;1,0;0;0;0;0;0;0,3_n258,2,100,4,1,0
3_n258M,4;4;4;4;4;4;4;4,100;100;100;100;100;100;100;100,4;4;4;4;4;4;4;4,1;1;1;1;1;1;1;1,0;0;0;0;0;0;0;0,3_n258,2,100,4,1,0
7-8_n258L,4;4;4;4;4;4;4,100;100;100;100;100;100;100,4;4;4;4;4;4;4,1;1;1;1;1;1;1,0;0;0;0;0;0;0,8_n258,2,100,4,1,0
7-8_n258L,4;4;4;4;4;4;4,100;100;100;100;100;100;100,4;4;4;4;4;4;4,1;1;1;1;1;1;1,0;0;0;0;0;0;0,7_n258,2,100,4,1,0
7_n258M,4;4;4;4;4;4;4;4,100;100;100;100;100;100;100;100,4;4;4;4;4;4;4;4,1;1;1;1;1;1;1;1,0;0;0;0;0;0;0;0,7_n258,2,100,4,1,0
8_n258M,4;4;4;4;4;4;4;4,100;100;100;100;100;100;100;100,4;4;4;4;4;4;4;4,1;1;1;1;1;1;1;1,0;0;0;0;0;0;0;0,8_n258,2,100,4,1,0
28_n258M,4;4;4;4;4;4;4;4,100;100;100;100;100;100;100;100,4;4;4;4;4;4;4;4,1;1;1;1;1;1;1;1,0;0;0;0;0;0;0;0,28_n258,2,100,4,1,0
3-7-8_n258L,4;4;4;4;4;4;4,100;100;100;100;100;100;100,4;4;4;4;4;4;4,1;1;1;1;1;1;1,0;0;0;0;0;0;0,8_n258,2,100,4,1,0
3-7-8_n258L,4;4;4;4;4;4;4,100;100;100;100;100;100;100,4;4;4;4;4;4;4,1;1;1;1;1;1;1,0;0;0;0;0;0;0,7_n258,2,100,4,1,0
3-7_n258M,4;4;4;4;4;4;4;4,100;100;100;100;100;100;100;100,4;4;4;4;4;4;4;4,1;1;1;1;1;1;1;1,0;0;0;0;0;0;0;0,7_n258,2,100,4,1,0
3-8_n258M,4;4;4;4;4;4;4;4,100;100;100;100;100;100;100;100,4;4;4;4;4;4;4;4,1;1;1;1;1;1;1;1,0;0;0;0;0;0;0;0,8_n258,2,100,4,1,0
3-7-8_n258L,4;4;4;4;4;4;4,100;100;100;100;100;100;100,4;4;4;4;4;4;4,1;1;1;1;1;1;1,0;0;0;0;0;0;0,3_n258,2,100,4,1,0
3-7_n258M,4;4;4;4;4;4;4;4,100;100;100;100;100;100;100;100,4;4;4;4;4;4;4;4,1;1;1;1;1;1;1;1,0;0;0;0;0;0;0;0,3_n258,2,100,4,1,0
3-8_n258M,4;4;4;4;4;4;4;4,100;100;100;100;100;100;100;100,4;4;4;4;4;4;4;4,1;1;1;1;1;1;1;1,0;0;0;0;0;0;0;0,3_n258,2,100,4,1,0
7-8_n258M,4;4;4;4;4;4;4;4,100;100;100;100;100;100;100;100,4;4;4;4;4;4;4;4,1;1;1;1;1;1;1;1,0;0;0;0;0;0;0;0,8_n258,2,100,4,1,0
7-8_n258M,4;4;4;4;4;4;4;4,100;100;100;100;100;100;100;100,4;4;4;4;4;4;4;4,1;1;1;1;1;1;1;1,0;0;0;0;0;0;0;0,7_n258,2,100,4,1,0
