DL comb,DL MIMO,DL BW,DL Unk A,DL Unk B,DL Unk C,UL comb,UL MIMO,UL BW,UL Unk A,UL Unk B,UL Unk C
n1,2,30,1,2,0,n1,1,20,1,2,0
n1,2,40,1,2,0,n1,1,20,1,2,0
n3,2,30,1,2,0,n3,1,20,1,2,0
n3,2,40,1,2,0,n3,1,20,1,2,0
n3,4,25,2,2,0,n3,1,40,1,2,0
n7,2,40,1,2,0,n7,1,20,1,2,0
n7,2,30,2,2,0,n7,1,50,1,2,0
n20,2,10,1,2,0,n20,1,10,1,2,0
n20,2,30,1,2,0,n20,1,20,1,2,0
n28,2,30,1,2,0,n28,1,20,1,2,0
n38,4,40,2,2,0,n38,1,20,2,2,0
n77,2,80,2,2,0,n77,1,50,2,2,0
n77,2,80,2,2,0,n77,2,50,2,2,0
n77,4,100,2,2,1,n77,2,100,2,2,1
n78,4,100,2,2,1,n78,1,100,2,2,1
n78,4,100,2,2,1,n78,2,100,2,2,1
1_n20,2,30,1,2,0,1_n20,1,20,1,2,0
1_n20,2,10,1,2,0,1_n20,1,10,1,2,0
1_n20,2,30,1,2,0,1_n20,1,20,1,2,0
1_n28,2,30,1,2,0,1_n28,1,20,1,2,0
1_n28,2,30,1,2,0,1_n28,1,20,1,2,0
1_n77,2,80,2,2,0,1_n77,1,50,2,2,0
1_n77,2,80,2,2,0,1_n77,1,50,2,2,0
1_n77,4,100,2,2,1,1_n77,1,100,2,2,1
1_n78,4,100,2,2,1,1_n78,1,100,2,2,1
1_n78,4,100,2,2,1,1_n78,1,100,2,2,1
1_n1,2,40,1,2,0,1_n1,1,20,1,2,0
1_n3,2,40,1,2,0,1_n3,1,20,1,2,0
1_n3,4,25,2,2,0,1_n3,1,40,1,2,0
1_n7,2,40,1,2,0,1_n7,1,20,1,2,0
1_n7,2,30,2,2,0,1_n7,1,50,1,2,0
3_n20,2,30,1,2,0,3_n20,1,20,1,2,0
3_n20,2,10,1,2,0,3_n20,1,10,1,2,0
3_n20,2,30,1,2,0,3_n20,1,20,1,2,0
3_n28,2,30,1,2,0,3_n28,1,20,1,2,0
3_n28,2,30,1,2,0,3_n28,1,20,1,2,0
3_n77,2,80,2,2,0,3_n77,1,50,2,2,0
3_n77,2,80,2,2,0,3_n77,1,50,2,2,0
3_n77,4,100,2,2,1,3_n77,1,100,2,2,1
3_n78,4,100,2,2,1,3_n78,1,100,2,2,1
3_n78,4,100,2,2,1,3_n78,1,100,2,2,1
3_n1,2,40,1,2,0,3_n1,1,20,1,2,0
3_n3,2,40,1,2,0,3_n3,1,20,1,2,0
3_n3,4,25,2,2,0,3_n3,1,40,1,2,0
3_n7,2,40,1,2,0,3_n7,1,20,1,2,0
3_n7,2,30,2,2,0,3_n7,1,50,1,2,0
3_n38,4,40,2,2,0,3_n38,1,20,2,2,0
7_n1,2,40,1,2,0,7_n1,1,20,1,2,0
7_n3,2,40,1,2,0,7_n3,1,20,1,2,0
7_n3,4,25,2,2,0,7_n3,1,40,1,2,0
7_n20,2,10,1,2,0,7_n20,1,10,1,2,0
7_n20,2,30,1,2,0,7_n20,1,20,1,2,0
7_n28,2,30,1,2,0,7_n28,1,20,1,2,0
7_n78,4,100,2,2,1,7_n78,1,100,2,2,1
8_n1,2,40,1,2,0,8_n1,1,20,1,2,0
8_n78,4,100,2,2,1,8_n78,1,100,2,2,1
20_n1,2,30,1,2,0,20_n1,1,20,1,2,0
20_n1,2,40,1,2,0,20_n1,1,20,1,2,0
20_n3,2,30,1,2,0,20_n3,1,20,1,2,0
20_n3,2,40,1,2,0,20_n3,1,20,1,2,0
20_n3,4,25,2,2,0,20_n3,1,40,1,2,0
20_n7,2,40,1,2,0,20_n7,1,20,1,2,0
20_n7,2,30,2,2,0,20_n7,1,50,1,2,0
20_n38,4,40,2,2,0,20_n38,1,20,2,2,0
20_n78,4,100,2,2,1,20_n78,1,100,2,2,1
28_n1,2,30,1,2,0,28_n1,1,20,1,2,0
28_n1,2,40,1,2,0,28_n1,1,20,1,2,0
28_n3,2,30,1,2,0,28_n3,1,20,1,2,0
28_n3,2,40,1,2,0,28_n3,1,20,1,2,0
28_n3,4,25,2,2,0,28_n3,1,40,1,2,0
28_n7,2,40,1,2,0,28_n7,1,20,1,2,0
28_n7,2,30,2,2,0,28_n7,1,50,1,2,0
28_n77,2,80,2,2,0,28_n77,1,50,2,2,0
28_n77,4,100,2,2,1,28_n77,1,100,2,2,1
28_n78,4,100,2,2,1,28_n78,1,100,2,2,1
38_n78,4,100,2,2,1,38_n78,1,100,2,2,1
40_n78,4,100,2,2,1,40_n78,1,100,2,2,1
1-3_n28,2,30,1,2,0,3_n28,1,20,1,2,0
1-3_n28,2,30,1,2,0,3_n28,1,20,1,2,0
1-3_n77,2,80,2,2,0,3_n77,1,50,2,2,0
1-3_n77,2,80,2,2,0,3_n77,1,50,2,2,0
1-3_n77,4,100,2,2,1,3_n77,1,100,2,2,1
1-3_n78,4,100,2,2,1,3_n78,1,100,2,2,1
1-3_n78,4,100,2,2,1,3_n78,1,100,2,2,1
1-7_n28,2,30,1,2,0,7_n28,1,20,1,2,0
1-7_n28,2,30,1,2,0,7_n28,1,20,1,2,0
1-7_n28,2,30,1,2,0,7_n28,1,20,1,2,0
1-7_n78,4,100,2,2,1,7_n78,1,100,2,2,1
1-7_n78,4,100,2,2,1,7_n78,1,100,2,2,1
1-7_n78,4,100,2,2,1,7_n78,1,100,2,2,1
1-20_n3,2,30,1,2,0,20_n3,1,20,1,2,0
1-20_n3,2,40,1,2,0,20_n3,1,20,1,2,0
1-20_n3,4,25,2,2,0,20_n3,1,40,1,2,0
1-20_n78,4,100,2,2,1,20_n78,1,100,2,2,1
1-20_n78,4,100,2,2,1,20_n78,1,100,2,2,1
1-28_n3,2,30,1,2,0,28_n3,1,20,1,2,0
1-28_n3,2,40,1,2,0,28_n3,1,20,1,2,0
1-28_n3,4,25,2,2,0,28_n3,1,40,1,2,0
1-28_n7,2,30,1,2,0,28_n7,1,20,1,2,0
1-28_n7,2,30,1,2,0,28_n7,1,20,1,2,0
1-28_n7,2,40,1,2,0,28_n7,1,20,1,2,0
1-28_n7,2,30,2,2,0,28_n7,1,50,1,2,0
1-28_n77,2,80,2,2,0,28_n77,1,50,2,2,0
1-28_n77,2,80,2,2,0,28_n77,1,50,2,2,0
1-28_n77,4,100,2,2,1,28_n77,1,100,2,2,1
1-28_n78,4,100,2,2,1,28_n78,1,100,2,2,1
1-28_n78,4,100,2,2,1,28_n78,1,100,2,2,1
1-3_n28,2,30,1,2,0,1_n28,1,20,1,2,0
1-3_n28,2,30,1,2,0,1_n28,1,20,1,2,0
1-3_n77,2,80,2,2,0,1_n77,1,50,2,2,0
1-3_n77,2,80,2,2,0,1_n77,1,50,2,2,0
1-3_n77,4,100,2,2,1,1_n77,1,100,2,2,1
1-3_n78,4,100,2,2,1,1_n78,1,100,2,2,1
1-3_n78,4,100,2,2,1,1_n78,1,100,2,2,1
1-7_n28,2,30,1,2,0,1_n28,1,20,1,2,0
1-7_n28,2,30,1,2,0,1_n28,1,20,1,2,0
1-7_n28,2,30,1,2,0,1_n28,1,20,1,2,0
1-7_n78,4,100,2,2,1,1_n78,1,100,2,2,1
1-7_n78,4,100,2,2,1,1_n78,1,100,2,2,1
1-7_n78,4,100,2,2,1,1_n78,1,100,2,2,1
1-20_n78,4,100,2,2,1,1_n78,1,100,2,2,1
1-20_n78,4,100,2,2,1,1_n78,1,100,2,2,1
1-28_n77,2,80,2,2,0,1_n77,1,50,2,2,0
1-28_n77,2,80,2,2,0,1_n77,1,50,2,2,0
1-28_n77,4,100,2,2,1,1_n77,1,100,2,2,1
1-28_n78,4,100,2,2,1,1_n78,1,100,2,2,1
1-28_n78,4,100,2,2,1,1_n78,1,100,2,2,1
1_n3_n78,2;4,30;100,1;2,2;2,0;1,1_n78,1,100,2,2,1
1_n3_n78,2;4,40;100,1;2,2;2,0;1,1_n78,1,100,2,2,1
1_n3_n78,4;4,25;100,2;2,2;2,0;1,1_n78,1,100,2,2,1
1_n28_n78,2;4,30;100,1;2,2;2,0;1,1_n78,1,100,2,2,1
1_n28_n78,2;4,30;100,1;2,2;2,0;1,1_n78,1,100,2,2,1
1_n28_n78,2;4,30;100,1;2,2;2,0;1,1_n28,1,20,1,2,0
1_n28_n78,2;4,30;100,1;2,2;2,0;1,1_n28,1,20,1,2,0
1-3_n7,2,40,1,2,0,3_n7,1,20,1,2,0
1-3_n7,2,30,2,2,0,3_n7,1,50,1,2,0
1-7_n3,2,40,1,2,0,7_n3,1,20,1,2,0
1-7_n3,4,25,2,2,0,7_n3,1,40,1,2,0
1-8_n78,4,100,2,2,1,8_n78,1,100,2,2,1
1-3_n7,2,40,1,2,0,1_n7,1,20,1,2,0
1-3_n7,2,30,2,2,0,1_n7,1,50,1,2,0
1-7_n3,2,40,1,2,0,1_n3,1,20,1,2,0
1-7_n3,2,40,1,2,0,1_n3,1,20,1,2,0
1-7_n3,4,25,2,2,0,1_n3,1,40,1,2,0
1-7_n7,2,30,2,2,0,1_n7,1,50,1,2,0
1-8_n78,4,100,2,2,1,1_n78,1,100,2,2,1
1-20_n3,2,40,1,2,0,1_n3,1,20,1,2,0
1-20_n3,4,25,2,2,0,1_n3,1,40,1,2,0
1-20_n28,2,30,1,2,0,1_n28,1,20,1,2,0
1-28_n3,2,40,1,2,0,1_n3,1,20,1,2,0
1-28_n3,4,25,2,2,0,1_n3,1,40,1,2,0
1-28_n7,2,40,1,2,0,1_n7,1,20,1,2,0
1-28_n7,2,30,2,2,0,1_n7,1,50,1,2,0
1_n3_n78,2;4,40;100,1;2,2;2,0;1,1_n3,1,20,1,2,0
1_n3_n78,4;4,25;100,2;2,2;2,0;1,1_n3,1,40,1,2,0
1_n78_n78,4;4,100;100,2;2,2;2,1;1,1_n78,1,100,2,2,1
1_n78C,4;4,100;100,2;2,2;2,1;1,1_n78,1,100,2,2,1
3-7_n28,2,30,1,2,0,7_n28,1,20,1,2,0
3-7_n28,2,30,1,2,0,7_n28,1,20,1,2,0
3-7_n28,2,30,1,2,0,7_n28,1,20,1,2,0
3-7_n78,4,100,2,2,1,7_n78,1,100,2,2,1
3-7_n78,4,100,2,2,1,7_n78,1,100,2,2,1
3-7_n78,4,100,2,2,1,7_n78,1,100,2,2,1
3-20_n1,2,30,1,2,0,20_n1,1,20,1,2,0
3-20_n1,2,40,1,2,0,20_n1,1,20,1,2,0
3-20_n7,2,30,1,2,0,20_n7,1,20,1,2,0
3-20_n7,2,30,1,2,0,20_n7,1,20,1,2,0
3-20_n7,2,40,1,2,0,20_n7,1,20,1,2,0
3-20_n7,2,30,2,2,0,20_n7,1,50,1,2,0
3-20_n78,4,100,2,2,1,20_n78,1,100,2,2,1
3-20_n78,4,100,2,2,1,20_n78,1,100,2,2,1
3-28_n1,2,30,1,2,0,28_n1,1,20,1,2,0
3-28_n1,2,40,1,2,0,28_n1,1,20,1,2,0
3-28_n7,2,30,1,2,0,28_n7,1,20,1,2,0
3-28_n7,2,30,1,2,0,28_n7,1,20,1,2,0
3-28_n7,2,40,1,2,0,28_n7,1,20,1,2,0
3-28_n7,2,30,2,2,0,28_n7,1,50,1,2,0
3-28_n77,2,80,2,2,0,28_n77,1,50,2,2,0
3-28_n77,2,80,2,2,0,28_n77,1,50,2,2,0
3-28_n77,4,100,2,2,1,28_n77,1,100,2,2,1
3-28_n78,4,100,2,2,1,28_n78,1,100,2,2,1
3-28_n78,4,100,2,2,1,28_n78,1,100,2,2,1
3-7_n28,2,30,1,2,0,3_n28,1,20,1,2,0
3-7_n28,2,30,1,2,0,3_n28,1,20,1,2,0
3-7_n28,2,30,1,2,0,3_n28,1,20,1,2,0
3-7_n78,4,100,2,2,1,3_n78,1,100,2,2,1
3-7_n78,4,100,2,2,1,3_n78,1,100,2,2,1
3-7_n78,4,100,2,2,1,3_n78,1,100,2,2,1
3-20_n78,4,100,2,2,1,3_n78,1,100,2,2,1
3-20_n78,4,100,2,2,1,3_n78,1,100,2,2,1
3-28_n77,2,80,2,2,0,3_n77,1,50,2,2,0
3-28_n77,2,80,2,2,0,3_n77,1,50,2,2,0
3-28_n77,4,100,2,2,1,3_n77,1,100,2,2,1
3-28_n78,4,100,2,2,1,3_n78,1,100,2,2,1
3-28_n78,4,100,2,2,1,3_n78,1,100,2,2,1
3_n1_n78,2;4,30;100,1;2,2;2,0;1,3_n78,1,100,2,2,1
3_n1_n78,2;4,40;100,1;2,2;2,0;1,3_n78,1,100,2,2,1
3_n3_n78,2;4,30;100,1;2,2;2,0;1,3_n78,1,100,2,2,1
3_n3_n78,2;4,40;100,1;2,2;2,0;1,3_n78,1,100,2,2,1
3_n3_n78,4;4,25;100,2;2,2;2,0;1,3_n78,1,100,2,2,1
3_n28_n78,2;4,30;100,1;2,2;2,0;1,3_n78,1,100,2,2,1
3_n28_n78,2;4,30;100,1;2,2;2,0;1,3_n78,1,100,2,2,1
3_n28_n78,2;4,30;100,1;2,2;2,0;1,3_n28,1,20,1,2,0
3_n28_n78,2;4,30;100,1;2,2;2,0;1,3_n28,1,20,1,2,0
3-7_n1,2,40,1,2,0,7_n1,1,20,1,2,0
3-8_n1,2,40,1,2,0,8_n1,1,20,1,2,0
3-8_n78,4,100,2,2,1,8_n78,1,100,2,2,1
3-20_n38,4,40,2,2,0,20_n38,1,20,2,2,0
3-38_n78,4,100,2,2,1,38_n78,1,100,2,2,1
3-7_n1,2,40,1,2,0,3_n1,1,20,1,2,0
3-7_n1,2,40,1,2,0,3_n1,1,20,1,2,0
3-7_n7,2,30,2,2,0,3_n7,1,50,1,2,0
3-8_n1,2,40,1,2,0,3_n1,1,20,1,2,0
3-8_n78,4,100,2,2,1,3_n78,1,100,2,2,1
3-20_n1,2,40,1,2,0,3_n1,1,20,1,2,0
3-20_n7,2,40,1,2,0,3_n7,1,20,1,2,0
3-20_n7,2,30,2,2,0,3_n7,1,50,1,2,0
3-20_n28,2,30,1,2,0,3_n28,1,20,1,2,0
3-20_n38,4,40,2,2,0,3_n38,1,20,2,2,0
3-28_n1,2,40,1,2,0,3_n1,1,20,1,2,0
3-28_n7,2,40,1,2,0,3_n7,1,20,1,2,0
3-28_n7,2,30,2,2,0,3_n7,1,50,1,2,0
3-38_n78,4,100,2,2,1,3_n78,1,100,2,2,1
3_n1_n28,2;2,40;30,1;1,2;2,0;0,3_n28,1,20,1,2,0
3_n1_n28,2;2,40;30,1;1,2;2,0;0,3_n1,1,20,1,2,0
3_n1_n78,2;4,40;100,1;2,2;2,0;1,3_n1,1,20,1,2,0
3_n3_n78,2;4,40;100,1;2,2;2,0;1,3_n3,1,20,1,2,0
3_n3_n78,4;4,25;100,2;2,2;2,0;1,3_n3,1,40,1,2,0
3_n78_n78,4;4,100;100,2;2,2;2,1;1,3_n78,1,100,2,2,1
3_n78C,4;4,100;100,2;2,2;2,1;1,3_n78,1,100,2,2,1
3C_n78,4,100,2,2,1,3_n78,1,100,2,2,1
7-20_n1,2,30,1,2,0,20_n1,1,20,1,2,0
7-20_n1,2,40,1,2,0,20_n1,1,20,1,2,0
7-20_n1,2,40,1,2,0,20_n1,1,20,1,2,0
7-20_n3,2,30,1,2,0,20_n3,1,20,1,2,0
7-20_n3,2,40,1,2,0,20_n3,1,20,1,2,0
7-20_n3,2,40,1,2,0,20_n3,1,20,1,2,0
7-20_n3,4,25,2,2,0,20_n3,1,40,1,2,0
7-28_n1,2,30,1,2,0,28_n1,1,20,1,2,0
7-28_n1,2,40,1,2,0,28_n1,1,20,1,2,0
7-28_n1,2,40,1,2,0,28_n1,1,20,1,2,0
7-28_n3,2,30,1,2,0,28_n3,1,20,1,2,0
7-28_n3,2,40,1,2,0,28_n3,1,20,1,2,0
7-28_n3,2,40,1,2,0,28_n3,1,20,1,2,0
7-28_n3,4,25,2,2,0,28_n3,1,40,1,2,0
7_n1_n78,2;4,30;100,1;2,2;2,0;1,7_n78,1,100,2,2,1
7_n1_n78,2;4,40;100,1;2,2;2,0;1,7_n78,1,100,2,2,1
7_n1_n78,2;4,40;100,1;2,2;2,0;1,7_n78,1,100,2,2,1
7_n3_n78,2;4,30;100,1;2,2;2,0;1,7_n78,1,100,2,2,1
7_n3_n78,2;4,40;100,1;2,2;2,0;1,7_n78,1,100,2,2,1
7_n3_n78,2;4,40;100,1;2,2;2,0;1,7_n78,1,100,2,2,1
7_n3_n78,4;4,25;100,2;2,2;2,0;1,7_n78,1,100,2,2,1
7-7_n1,2,40,1,2,0,7_n1,1,20,1,2,0
7-7_n78,4,100,2,2,1,7_n78,1,100,2,2,1
7-8_n1,2,40,1,2,0,8_n1,1,20,1,2,0
7-8_n78,4,100,2,2,1,8_n78,1,100,2,2,1
7-20_n78,4,100,2,2,1,20_n78,1,100,2,2,1
7-28_n7,2,30,2,2,0,28_n7,1,50,1,2,0
7-28_n78,4,100,2,2,1,28_n78,1,100,2,2,1
7-8_n1,2,40,1,2,0,7_n1,1,20,1,2,0
7-8_n78,4,100,2,2,1,7_n78,1,100,2,2,1
7-20_n1,2,40,1,2,0,7_n1,1,20,1,2,0
7-20_n3,2,40,1,2,0,7_n3,1,20,1,2,0
7-20_n3,4,25,2,2,0,7_n3,1,40,1,2,0
7-20_n28,2,30,1,2,0,7_n28,1,20,1,2,0
7-20_n78,4,100,2,2,1,7_n78,1,100,2,2,1
7-28_n1,2,40,1,2,0,7_n1,1,20,1,2,0
7-28_n3,2,40,1,2,0,7_n3,1,20,1,2,0
7-28_n3,4,25,2,2,0,7_n3,1,40,1,2,0
7-28_n78,4,100,2,2,1,7_n78,1,100,2,2,1
7_n1_n78,2;4,40;100,1;2,2;2,0;1,7_n1,1,20,1,2,0
7_n3_n78,2;4,40;100,1;2,2;2,0;1,7_n3,1,20,1,2,0
7_n3_n78,4;4,25;100,2;2,2;2,0;1,7_n3,1,40,1,2,0
7_n28_n78,2;4,30;100,1;2,2;2,0;1,7_n78,1,100,2,2,1
7_n28_n78,2;4,30;100,1;2,2;2,0;1,7_n28,1,20,1,2,0
7_n78_n78,4;4,100;100,2;2,2;2,1;1,7_n78,1,100,2,2,1
7_n78C,4;4,100;100,2;2,2;2,1;1,7_n78,1,100,2,2,1
7C_n78,4,100,2,2,1,7_n78,1,100,2,2,1
8_n1_n78,2;4,40;100,1;2,2;2,0;1,8_n78,1,100,2,2,1
8_n1_n78,2;4,40;100,1;2,2;2,0;1,8_n1,1,20,1,2,0
20-28_n1,2,40,1,2,0,28_n1,1,20,1,2,0
20-28_n3,2,40,1,2,0,28_n3,1,20,1,2,0
20-28_n3,4,25,2,2,0,28_n3,1,40,1,2,0
20-28_n78,4,100,2,2,1,28_n78,1,100,2,2,1
20-38_n78,4,100,2,2,1,38_n78,1,100,2,2,1
20-28_n1,2,40,1,2,0,20_n1,1,20,1,2,0
20-28_n3,2,40,1,2,0,20_n3,1,20,1,2,0
20-28_n3,4,25,2,2,0,20_n3,1,40,1,2,0
20-28_n78,4,100,2,2,1,20_n78,1,100,2,2,1
20-38_n78,4,100,2,2,1,20_n78,1,100,2,2,1
20_n1_n78,2;4,30;100,1;2,2;2,0;1,20_n78,1,100,2,2,1
20_n1_n78,2;4,40;100,1;2,2;2,0;1,20_n78,1,100,2,2,1
20_n1_n78,2;4,30;100,1;2,2;2,0;1,20_n1,1,20,1,2,0
20_n1_n78,2;4,40;100,1;2,2;2,0;1,20_n1,1,20,1,2,0
20_n1_n28,2;2,40;30,1;1,2;2,0;0,20_n1,1,20,1,2,0
20_n3_n78,2;4,30;100,1;2,2;2,0;1,20_n78,1,100,2,2,1
20_n3_n78,2;4,40;100,1;2,2;2,0;1,20_n78,1,100,2,2,1
20_n3_n78,4;4,25;100,2;2,2;2,0;1,20_n78,1,100,2,2,1
20_n3_n78,2;4,30;100,1;2,2;2,0;1,20_n3,1,20,1,2,0
20_n3_n78,2;4,40;100,1;2,2;2,0;1,20_n3,1,20,1,2,0
20_n3_n78,4;4,25;100,2;2,2;2,0;1,20_n3,1,40,1,2,0
20_n28_n78,2;4,30;100,1;2,2;2,0;1,20_n78,1,100,2,2,1
28_n1_n78,2;4,30;100,1;2,2;2,0;1,28_n78,1,100,2,2,1
28_n1_n78,2;4,40;100,1;2,2;2,0;1,28_n78,1,100,2,2,1
28_n1_n78,2;4,30;100,1;2,2;2,0;1,28_n1,1,20,1,2,0
28_n1_n78,2;4,40;100,1;2,2;2,0;1,28_n1,1,20,1,2,0
28_n3_n78,2;4,30;100,1;2,2;2,0;1,28_n78,1,100,2,2,1
28_n3_n78,2;4,40;100,1;2,2;2,0;1,28_n78,1,100,2,2,1
28_n3_n78,4;4,25;100,2;2,2;2,0;1,28_n78,1,100,2,2,1
28_n3_n78,2;4,30;100,1;2,2;2,0;1,28_n3,1,20,1,2,0
28_n3_n78,2;4,40;100,1;2,2;2,0;1,28_n3,1,20,1,2,0
28_n3_n78,4;4,25;100,2;2,2;2,0;1,28_n3,1,40,1,2,0
28_n78C,4;4,100;100,2;2,2;2,1;1,28_n78,1,100,2,2,1
1-7-7_n78,4,100,2,2,1,7_n78,1,100,2,2,1
1-7-7_n78,4,100,2,2,1,7_n78,1,100,2,2,1
1-7-7_n78,4,100,2,2,1,7_n78,1,100,2,2,1
1-7-7_n78,4,100,2,2,1,1_n78,1,100,2,2,1
1-7-7_n78,4,100,2,2,1,1_n78,1,100,2,2,1
1-7-7_n78,4,100,2,2,1,1_n78,1,100,2,2,1
1-3-7_n28,2,30,1,2,0,7_n28,1,20,1,2,0
1-3-7_n78,4,100,2,2,1,7_n78,1,100,2,2,1
1-3-8_n78,4,100,2,2,1,8_n78,1,100,2,2,1
1-3-20_n78,4,100,2,2,1,20_n78,1,100,2,2,1
1-3-28_n7,2,40,1,2,0,28_n7,1,20,1,2,0
1-3-28_n7,2,30,2,2,0,28_n7,1,50,1,2,0
1-3-28_n77,2,80,2,2,0,28_n77,1,50,2,2,0
1-3-28_n77,4,100,2,2,1,28_n77,1,100,2,2,1
1-3-28_n78,4,100,2,2,1,28_n78,1,100,2,2,1
1-3-7_n7,2,30,2,2,0,3_n7,1,50,1,2,0
1-3-7_n28,2,30,1,2,0,3_n28,1,20,1,2,0
1-3-7_n78,4,100,2,2,1,3_n78,1,100,2,2,1
1-3-8_n78,4,100,2,2,1,3_n78,1,100,2,2,1
1-3-20_n28,2,30,1,2,0,3_n28,1,20,1,2,0
1-3-20_n78,4,100,2,2,1,3_n78,1,100,2,2,1
1-3-28_n7,2,40,1,2,0,3_n7,1,20,1,2,0
1-3-28_n7,2,30,2,2,0,3_n7,1,50,1,2,0
1-3-28_n77,2,80,2,2,0,3_n77,1,50,2,2,0
1-3-28_n77,4,100,2,2,1,3_n77,1,100,2,2,1
1-3-28_n78,4,100,2,2,1,3_n78,1,100,2,2,1
1-3_n28_n78,2;4,30;100,1;2,2;2,0;1,3_n78,1,100,2,2,1
1-3_n28_n78,2;4,30;100,1;2,2;2,0;1,3_n28,1,20,1,2,0
1-3_n78_n78,4;4,100;100,2;2,2;2,1;1,3_n78,1,100,2,2,1
1-3_n78C,4;4,100;100,2;2,2;2,1;1,3_n78,1,100,2,2,1
1-3C_n78,4,100,2,2,1,3_n78,1,100,2,2,1
1-7-8_n78,4,100,2,2,1,8_n78,1,100,2,2,1
1-7-20_n3,2,40,1,2,0,20_n3,1,20,1,2,0
1-7-20_n3,4,25,2,2,0,20_n3,1,40,1,2,0
1-7-20_n78,4,100,2,2,1,20_n78,1,100,2,2,1
1-7-28_n3,2,40,1,2,0,28_n3,1,20,1,2,0
1-7-28_n3,4,25,2,2,0,28_n3,1,40,1,2,0
1-7-28_n7,2,30,2,2,0,28_n7,1,50,1,2,0
1-7-28_n78,4,100,2,2,1,28_n78,1,100,2,2,1
1-7-8_n78,4,100,2,2,1,7_n78,1,100,2,2,1
1-7-20_n3,2,40,1,2,0,7_n3,1,20,1,2,0
1-7-20_n3,4,25,2,2,0,7_n3,1,40,1,2,0
1-7-20_n28,2,30,1,2,0,7_n28,1,20,1,2,0
1-7-20_n78,4,100,2,2,1,7_n78,1,100,2,2,1
1-7-28_n3,2,40,1,2,0,7_n3,1,20,1,2,0
1-7-28_n3,4,25,2,2,0,7_n3,1,40,1,2,0
1-7-28_n78,4,100,2,2,1,7_n78,1,100,2,2,1
1-7_n3_n78,2;4,40;100,1;2,2;2,0;1,7_n78,1,100,2,2,1
1-7_n3_n78,4;4,25;100,2;2,2;2,0;1,7_n78,1,100,2,2,1
1-7_n3_n78,2;4,40;100,1;2,2;2,0;1,7_n3,1,20,1,2,0
1-7_n3_n78,4;4,25;100,2;2,2;2,0;1,7_n3,1,40,1,2,0
1-7_n28_n78,2;4,30;100,1;2,2;2,0;1,7_n78,1,100,2,2,1
1-7_n28_n78,2;4,30;100,1;2,2;2,0;1,7_n28,1,20,1,2,0
1-7_n78_n78,4;4,100;100,2;2,2;2,1;1,7_n78,1,100,2,2,1
1-7_n78C,4;4,100;100,2;2,2;2,1;1,7_n78,1,100,2,2,1
1-7C_n78,4,100,2,2,1,7_n78,1,100,2,2,1
1-20-28_n3,2,40,1,2,0,28_n3,1,20,1,2,0
1-20-28_n3,4,25,2,2,0,28_n3,1,40,1,2,0
1-20-28_n78,4,100,2,2,1,28_n78,1,100,2,2,1
1-20-28_n3,2,40,1,2,0,20_n3,1,20,1,2,0
1-20-28_n3,4,25,2,2,0,20_n3,1,40,1,2,0
1-20-28_n78,4,100,2,2,1,20_n78,1,100,2,2,1
1-20_n3_n78,2;4,40;100,1;2,2;2,0;1,20_n78,1,100,2,2,1
1-20_n3_n78,4;4,25;100,2;2,2;2,0;1,20_n78,1,100,2,2,1
1-20_n3_n78,2;4,40;100,1;2,2;2,0;1,20_n3,1,20,1,2,0
1-20_n3_n78,4;4,25;100,2;2,2;2,0;1,20_n3,1,40,1,2,0
1-20_n28_n78,2;4,30;100,1;2,2;2,0;1,20_n78,1,100,2,2,1
1-28_n3_n78,2;4,40;100,1;2,2;2,0;1,28_n78,1,100,2,2,1
1-28_n3_n78,4;4,25;100,2;2,2;2,0;1,28_n78,1,100,2,2,1
1-28_n3_n78,2;4,40;100,1;2,2;2,0;1,28_n3,1,20,1,2,0
1-28_n3_n78,4;4,25;100,2;2,2;2,0;1,28_n3,1,40,1,2,0
1-28_n78C,4;4,100;100,2;2,2;2,1;1,28_n78,1,100,2,2,1
1-3-7_n7,2,30,2,2,0,1_n7,1,50,1,2,0
1-3-7_n28,2,30,1,2,0,1_n28,1,20,1,2,0
1-3-7_n78,4,100,2,2,1,1_n78,1,100,2,2,1
1-3-8_n78,4,100,2,2,1,1_n78,1,100,2,2,1
1-3-20_n28,2,30,1,2,0,1_n28,1,20,1,2,0
1-3-20_n78,4,100,2,2,1,1_n78,1,100,2,2,1
1-3-28_n7,2,40,1,2,0,1_n7,1,20,1,2,0
1-3-28_n7,2,30,2,2,0,1_n7,1,50,1,2,0
1-3-28_n77,2,80,2,2,0,1_n77,1,50,2,2,0
1-3-28_n77,4,100,2,2,1,1_n77,1,100,2,2,1
1-3-28_n78,4,100,2,2,1,1_n78,1,100,2,2,1
1-3_n28_n78,2;4,30;100,1;2,2;2,0;1,1_n78,1,100,2,2,1
1-3_n28_n78,2;4,30;100,1;2,2;2,0;1,1_n28,1,20,1,2,0
1-3_n78_n78,4;4,100;100,2;2,2;2,1;1,1_n78,1,100,2,2,1
1-3_n78C,4;4,100;100,2;2,2;2,1;1,1_n78,1,100,2,2,1
1-3C_n78,4,100,2,2,1,1_n78,1,100,2,2,1
1-7-8_n78,4,100,2,2,1,1_n78,1,100,2,2,1
1-7-20_n3,2,40,1,2,0,1_n3,1,20,1,2,0
1-7-20_n3,4,25,2,2,0,1_n3,1,40,1,2,0
1-7-20_n28,2,30,1,2,0,1_n28,1,20,1,2,0
1-7-20_n78,4,100,2,2,1,1_n78,1,100,2,2,1
1-7-28_n3,2,40,1,2,0,1_n3,1,20,1,2,0
1-7-28_n3,4,25,2,2,0,1_n3,1,40,1,2,0
1-7-28_n7,2,30,2,2,0,1_n7,1,50,1,2,0
1-7-28_n78,4,100,2,2,1,1_n78,1,100,2,2,1
1-7_n3_n78,2;4,40;100,1;2,2;2,0;1,1_n78,1,100,2,2,1
1-7_n3_n78,4;4,25;100,2;2,2;2,0;1,1_n78,1,100,2,2,1
1-7_n3_n78,2;4,40;100,1;2,2;2,0;1,1_n3,1,20,1,2,0
1-7_n3_n78,4;4,25;100,2;2,2;2,0;1,1_n3,1,40,1,2,0
1-7_n28_n78,2;4,30;100,1;2,2;2,0;1,1_n78,1,100,2,2,1
1-7_n28_n78,2;4,30;100,1;2,2;2,0;1,1_n28,1,20,1,2,0
1-7_n78_n78,4;4,100;100,2;2,2;2,1;1,1_n78,1,100,2,2,1
1-7_n78C,4;4,100;100,2;2,2;2,1;1,1_n78,1,100,2,2,1
1-7C_n78,4,100,2,2,1,1_n78,1,100,2,2,1
1-20-28_n3,2,40,1,2,0,1_n3,1,20,1,2,0
1-20-28_n3,4,25,2,2,0,1_n3,1,40,1,2,0
1-20-28_n78,4,100,2,2,1,1_n78,1,100,2,2,1
1-20_n3_n78,2;4,40;100,1;2,2;2,0;1,1_n78,1,100,2,2,1
1-20_n3_n78,4;4,25;100,2;2,2;2,0;1,1_n78,1,100,2,2,1
1-20_n3_n78,2;4,40;100,1;2,2;2,0;1,1_n3,1,20,1,2,0
1-20_n3_n78,4;4,25;100,2;2,2;2,0;1,1_n3,1,40,1,2,0
1-20_n28_n78,2;4,30;100,1;2,2;2,0;1,1_n78,1,100,2,2,1
1-20_n28_n78,2;4,30;100,1;2,2;2,0;1,1_n28,1,20,1,2,0
1-28_n3_n78,2;4,40;100,1;2,2;2,0;1,1_n78,1,100,2,2,1
1-28_n3_n78,4;4,25;100,2;2,2;2,0;1,1_n78,1,100,2,2,1
1-28_n3_n78,2;4,40;100,1;2,2;2,0;1,1_n3,1,20,1,2,0
1-28_n3_n78,4;4,25;100,2;2,2;2,0;1,1_n3,1,40,1,2,0
1-28_n78C,4;4,100;100,2;2,2;2,1;1,1_n78,1,100,2,2,1
3-7-7_n78,4,100,2,2,1,7_n78,1,100,2,2,1
3-7-7_n78,4,100,2,2,1,7_n78,1,100,2,2,1
3-7-7_n78,4,100,2,2,1,7_n78,1,100,2,2,1
3-7-7_n78,4,100,2,2,1,3_n78,1,100,2,2,1
3-7-7_n78,4,100,2,2,1,3_n78,1,100,2,2,1
3-7-7_n78,4,100,2,2,1,3_n78,1,100,2,2,1
3-7-7_n1,2,40,1,2,0,7_n1,1,20,1,2,0
3-7-8_n1,2,40,1,2,0,8_n1,1,20,1,2,0
3-7-8_n78,4,100,2,2,1,8_n78,1,100,2,2,1
3-7-20_n1,2,40,1,2,0,20_n1,1,20,1,2,0
3-7-20_n78,4,100,2,2,1,20_n78,1,100,2,2,1
3-7-28_n1,2,40,1,2,0,28_n1,1,20,1,2,0
3-7-28_n7,2,30,2,2,0,28_n7,1,50,1,2,0
3-7-28_n78,4,100,2,2,1,28_n78,1,100,2,2,1
3-7-8_n1,2,40,1,2,0,7_n1,1,20,1,2,0
3-7-8_n78,4,100,2,2,1,7_n78,1,100,2,2,1
3-7-20_n1,2,40,1,2,0,7_n1,1,20,1,2,0
3-7-20_n28,2,30,1,2,0,7_n28,1,20,1,2,0
3-7-20_n78,4,100,2,2,1,7_n78,1,100,2,2,1
3-7-28_n1,2,40,1,2,0,7_n1,1,20,1,2,0
3-7-28_n78,4,100,2,2,1,7_n78,1,100,2,2,1
3-7_n1_n78,2;4,40;100,1;2,2;2,0;1,7_n78,1,100,2,2,1
3-7_n1_n78,2;4,40;100,1;2,2;2,0;1,7_n1,1,20,1,2,0
3-7_n28_n78,2;4,30;100,1;2,2;2,0;1,7_n78,1,100,2,2,1
3-7_n28_n78,2;4,30;100,1;2,2;2,0;1,7_n28,1,20,1,2,0
3-7_n78_n78,4;4,100;100,2;2,2;2,1;1,7_n78,1,100,2,2,1
3-7_n78C,4;4,100;100,2;2,2;2,1;1,7_n78,1,100,2,2,1
3-7C_n78,4,100,2,2,1,7_n78,1,100,2,2,1
3-8_n1_n78,2;4,40;100,1;2,2;2,0;1,8_n78,1,100,2,2,1
3-8_n1_n78,2;4,40;100,1;2,2;2,0;1,8_n1,1,20,1,2,0
3-20-28_n1,2,40,1,2,0,28_n1,1,20,1,2,0
3-20-28_n78,4,100,2,2,1,28_n78,1,100,2,2,1
3-20-38_n78,4,100,2,2,1,38_n78,1,100,2,2,1
3-20-28_n1,2,40,1,2,0,20_n1,1,20,1,2,0
3-20-28_n78,4,100,2,2,1,20_n78,1,100,2,2,1
3-20-38_n78,4,100,2,2,1,20_n78,1,100,2,2,1
3-20_n1_n78,2;4,40;100,1;2,2;2,0;1,20_n78,1,100,2,2,1
3-20_n1_n28,2;2,40;30,1;1,2;2,0;0,20_n1,1,20,1,2,0
3-20_n1_n78,2;4,40;100,1;2,2;2,0;1,20_n1,1,20,1,2,0
3-20_n28_n78,2;4,30;100,1;2,2;2,0;1,20_n78,1,100,2,2,1
3-28_n1_n78,2;4,40;100,1;2,2;2,0;1,28_n78,1,100,2,2,1
3-28_n1_n78,2;4,40;100,1;2,2;2,0;1,28_n1,1,20,1,2,0
3-28_n78C,4;4,100;100,2;2,2;2,1;1,28_n78,1,100,2,2,1
3-7-7_n1,2,40,1,2,0,3_n1,1,20,1,2,0
3-7-7_n1,2,40,1,2,0,3_n1,1,20,1,2,0
3-7-8_n1,2,40,1,2,0,3_n1,1,20,1,2,0
3-7-8_n78,4,100,2,2,1,3_n78,1,100,2,2,1
3-7-20_n1,2,40,1,2,0,3_n1,1,20,1,2,0
3-7-20_n28,2,30,1,2,0,3_n28,1,20,1,2,0
3-7-20_n78,4,100,2,2,1,3_n78,1,100,2,2,1
3-7-28_n1,2,40,1,2,0,3_n1,1,20,1,2,0
3-7-28_n7,2,30,2,2,0,3_n7,1,50,1,2,0
3-7-28_n78,4,100,2,2,1,3_n78,1,100,2,2,1
3-7_n1_n78,2;4,40;100,1;2,2;2,0;1,3_n78,1,100,2,2,1
3-7_n1_n78,2;4,40;100,1;2,2;2,0;1,3_n1,1,20,1,2,0
3-7_n28_n78,2;4,30;100,1;2,2;2,0;1,3_n78,1,100,2,2,1
3-7_n28_n78,2;4,30;100,1;2,2;2,0;1,3_n28,1,20,1,2,0
3-7_n78_n78,4;4,100;100,2;2,2;2,1;1,3_n78,1,100,2,2,1
3-7_n78C,4;4,100;100,2;2,2;2,1;1,3_n78,1,100,2,2,1
3-7C_n78,4,100,2,2,1,3_n78,1,100,2,2,1
3-8_n1_n78,2;4,40;100,1;2,2;2,0;1,3_n78,1,100,2,2,1
3-8_n1_n78,2;4,40;100,1;2,2;2,0;1,3_n1,1,20,1,2,0
3-20-28_n1,2,40,1,2,0,3_n1,1,20,1,2,0
3-20-28_n78,4,100,2,2,1,3_n78,1,100,2,2,1
3-20-38_n78,4,100,2,2,1,3_n78,1,100,2,2,1
3-20_n1_n28,2;2,40;30,1;1,2;2,0;0,3_n28,1,20,1,2,0
3-20_n1_n78,2;4,40;100,1;2,2;2,0;1,3_n78,1,100,2,2,1
3-20_n1_n28,2;2,40;30,1;1,2;2,0;0,3_n1,1,20,1,2,0
3-20_n1_n78,2;4,40;100,1;2,2;2,0;1,3_n1,1,20,1,2,0
3-20_n28_n78,2;4,30;100,1;2,2;2,0;1,3_n78,1,100,2,2,1
3-20_n28_n78,2;4,30;100,1;2,2;2,0;1,3_n28,1,20,1,2,0
3-28_n1_n78,2;4,40;100,1;2,2;2,0;1,3_n78,1,100,2,2,1
3-28_n1_n78,2;4,40;100,1;2,2;2,0;1,3_n1,1,20,1,2,0
3-28_n78C,4;4,100;100,2;2,2;2,1;1,3_n78,1,100,2,2,1
3C-7_n78,4,100,2,2,1,7_n78,1,100,2,2,1
3C-7_n78,4,100,2,2,1,3_n78,1,100,2,2,1
3C_n78_n78,4;4,100;100,2;2,2;2,1;1,3_n78,1,100,2,2,1
7-8_n1_n78,2;4,40;100,1;2,2;2,0;1,8_n78,1,100,2,2,1
7-8_n1_n78,2;4,40;100,1;2,2;2,0;1,8_n1,1,20,1,2,0
7-20-28_n1,2,40,1,2,0,28_n1,1,20,1,2,0
7-20-28_n3,2,40,1,2,0,28_n3,1,20,1,2,0
7-20-28_n3,4,25,2,2,0,28_n3,1,40,1,2,0
7-20-28_n1,2,40,1,2,0,20_n1,1,20,1,2,0
7-20-28_n3,2,40,1,2,0,20_n3,1,20,1,2,0
7-20-28_n3,4,25,2,2,0,20_n3,1,40,1,2,0
7-20_n1_n78,2;4,40;100,1;2,2;2,0;1,20_n78,1,100,2,2,1
7-20_n1_n78,2;4,40;100,1;2,2;2,0;1,20_n1,1,20,1,2,0
7-20_n3_n78,2;4,40;100,1;2,2;2,0;1,20_n78,1,100,2,2,1
7-20_n3_n78,4;4,25;100,2;2,2;2,0;1,20_n78,1,100,2,2,1
7-20_n3_n78,2;4,40;100,1;2,2;2,0;1,20_n3,1,20,1,2,0
7-20_n3_n78,4;4,25;100,2;2,2;2,0;1,20_n3,1,40,1,2,0
7-20_n28_n78,2;4,30;100,1;2,2;2,0;1,20_n78,1,100,2,2,1
7-28_n1_n78,2;4,40;100,1;2,2;2,0;1,28_n78,1,100,2,2,1
7-28_n1_n78,2;4,40;100,1;2,2;2,0;1,28_n1,1,20,1,2,0
7-28_n3_n78,2;4,40;100,1;2,2;2,0;1,28_n78,1,100,2,2,1
7-28_n3_n78,4;4,25;100,2;2,2;2,0;1,28_n78,1,100,2,2,1
7-28_n3_n78,2;4,40;100,1;2,2;2,0;1,28_n3,1,20,1,2,0
7-28_n3_n78,4;4,25;100,2;2,2;2,0;1,28_n3,1,40,1,2,0
7-8_n1_n78,2;4,40;100,1;2,2;2,0;1,7_n78,1,100,2,2,1
7-8_n1_n78,2;4,40;100,1;2,2;2,0;1,7_n1,1,20,1,2,0
7-20-28_n1,2,40,1,2,0,7_n1,1,20,1,2,0
7-20-28_n3,2,40,1,2,0,7_n3,1,20,1,2,0
7-20-28_n3,4,25,2,2,0,7_n3,1,40,1,2,0
7-20_n1_n78,2;4,40;100,1;2,2;2,0;1,7_n78,1,100,2,2,1
7-20_n1_n78,2;4,40;100,1;2,2;2,0;1,7_n1,1,20,1,2,0
7-20_n3_n78,2;4,40;100,1;2,2;2,0;1,7_n78,1,100,2,2,1
7-20_n3_n78,4;4,25;100,2;2,2;2,0;1,7_n78,1,100,2,2,1
7-20_n3_n78,2;4,40;100,1;2,2;2,0;1,7_n3,1,20,1,2,0
7-20_n3_n78,4;4,25;100,2;2,2;2,0;1,7_n3,1,40,1,2,0
7-20_n28_n78,2;4,30;100,1;2,2;2,0;1,7_n78,1,100,2,2,1
7-20_n28_n78,2;4,30;100,1;2,2;2,0;1,7_n28,1,20,1,2,0
7-28_n1_n78,2;4,40;100,1;2,2;2,0;1,7_n78,1,100,2,2,1
7-28_n1_n78,2;4,40;100,1;2,2;2,0;1,7_n1,1,20,1,2,0
7-28_n3_n78,2;4,40;100,1;2,2;2,0;1,7_n78,1,100,2,2,1
7-28_n3_n78,4;4,25;100,2;2,2;2,0;1,7_n78,1,100,2,2,1
7-28_n3_n78,2;4,40;100,1;2,2;2,0;1,7_n3,1,20,1,2,0
7-28_n3_n78,4;4,25;100,2;2,2;2,0;1,7_n3,1,40,1,2,0
7C_n78_n78,4;4,100;100,2;2,2;2,1;1,7_n78,1,100,2,2,1
1-3-7-7_n78,4,100,2,2,1,7_n78,1,100,2,2,1
1-3-7_n78_n78,4;4,100;100,2;2,2;2,1;1,7_n78,1,100,2,2,1
1-3-7_n78C,4;4,100;100,2;2,2;2,1;1,7_n78,1,100,2,2,1
1-3-7-7_n78,4,100,2,2,1,3_n78,1,100,2,2,1
1-3-7_n78_n78,4;4,100;100,2;2,2;2,1;1,3_n78,1,100,2,2,1
1-3-7_n78C,4;4,100;100,2;2,2;2,1;1,3_n78,1,100,2,2,1
1-3-7-7_n78,4,100,2,2,1,1_n78,1,100,2,2,1
1-3-7_n78_n78,4;4,100;100,2;2,2;2,1;1,1_n78,1,100,2,2,1
1-3-7_n78C,4;4,100;100,2;2,2;2,1;1,1_n78,1,100,2,2,1
1-3-7-8_n78,4,100,2,2,1,8_n78,1,100,2,2,1
1-3-7-20_n78,4,100,2,2,1,20_n78,1,100,2,2,1
1-3-7-28_n78,4,100,2,2,1,28_n78,1,100,2,2,1
1-3-7-8_n78,4,100,2,2,1,7_n78,1,100,2,2,1
1-3-7-20_n28,2,30,1,2,0,7_n28,1,20,1,2,0
1-3-7-20_n78,4,100,2,2,1,7_n78,1,100,2,2,1
1-3-7-28_n78,4,100,2,2,1,7_n78,1,100,2,2,1
1-3-7_n28_n78,2;4,30;100,1;2,2;2,0;1,7_n78,1,100,2,2,1
1-3-7_n28_n78,2;4,30;100,1;2,2;2,0;1,7_n28,1,20,1,2,0
1-3-7C_n78,4,100,2,2,1,7_n78,1,100,2,2,1
1-3-20_n28_n78,2;4,30;100,1;2,2;2,0;1,20_n78,1,100,2,2,1
1-3-7-8_n78,4,100,2,2,1,3_n78,1,100,2,2,1
1-3-7-20_n28,2,30,1,2,0,3_n28,1,20,1,2,0
1-3-7-20_n78,4,100,2,2,1,3_n78,1,100,2,2,1
1-3-7-28_n78,4,100,2,2,1,3_n78,1,100,2,2,1
1-3-7_n28_n78,2;4,30;100,1;2,2;2,0;1,3_n78,1,100,2,2,1
1-3-7_n28_n78,2;4,30;100,1;2,2;2,0;1,3_n28,1,20,1,2,0
1-3-7C_n78,4,100,2,2,1,3_n78,1,100,2,2,1
1-3-20_n28_n78,2;4,30;100,1;2,2;2,0;1,3_n78,1,100,2,2,1
1-3-20_n28_n78,2;4,30;100,1;2,2;2,0;1,3_n28,1,20,1,2,0
1-3C-7_n78,4,100,2,2,1,7_n78,1,100,2,2,1
1-3C-7_n78,4,100,2,2,1,3_n78,1,100,2,2,1
1-3C_n78_n78,4;4,100;100,2;2,2;2,1;1,3_n78,1,100,2,2,1
1-7-20_n3_n78,2;4,40;100,1;2,2;2,0;1,20_n78,1,100,2,2,1
1-7-20_n3_n78,4;4,25;100,2;2,2;2,0;1,20_n78,1,100,2,2,1
1-7-20_n3_n78,2;4,40;100,1;2,2;2,0;1,20_n3,1,20,1,2,0
1-7-20_n3_n78,4;4,25;100,2;2,2;2,0;1,20_n3,1,40,1,2,0
1-7-20_n28_n78,2;4,30;100,1;2,2;2,0;1,20_n78,1,100,2,2,1
1-7-28_n3_n78,2;4,40;100,1;2,2;2,0;1,28_n78,1,100,2,2,1
1-7-28_n3_n78,4;4,25;100,2;2,2;2,0;1,28_n78,1,100,2,2,1
1-7-28_n3_n78,2;4,40;100,1;2,2;2,0;1,28_n3,1,20,1,2,0
1-7-28_n3_n78,4;4,25;100,2;2,2;2,0;1,28_n3,1,40,1,2,0
1-7-20_n3_n78,2;4,40;100,1;2,2;2,0;1,7_n78,1,100,2,2,1
1-7-20_n3_n78,4;4,25;100,2;2,2;2,0;1,7_n78,1,100,2,2,1
1-7-20_n3_n78,2;4,40;100,1;2,2;2,0;1,7_n3,1,20,1,2,0
1-7-20_n3_n78,4;4,25;100,2;2,2;2,0;1,7_n3,1,40,1,2,0
1-7-20_n28_n78,2;4,30;100,1;2,2;2,0;1,7_n78,1,100,2,2,1
1-7-20_n28_n78,2;4,30;100,1;2,2;2,0;1,7_n28,1,20,1,2,0
1-7-28_n3_n78,2;4,40;100,1;2,2;2,0;1,7_n78,1,100,2,2,1
1-7-28_n3_n78,4;4,25;100,2;2,2;2,0;1,7_n78,1,100,2,2,1
1-7-28_n3_n78,2;4,40;100,1;2,2;2,0;1,7_n3,1,20,1,2,0
1-7-28_n3_n78,4;4,25;100,2;2,2;2,0;1,7_n3,1,40,1,2,0
1-7C_n78_n78,4;4,100;100,2;2,2;2,1;1,7_n78,1,100,2,2,1
1-3-7-8_n78,4,100,2,2,1,1_n78,1,100,2,2,1
1-3-7-20_n28,2,30,1,2,0,1_n28,1,20,1,2,0
1-3-7-20_n78,4,100,2,2,1,1_n78,1,100,2,2,1
1-3-7-28_n78,4,100,2,2,1,1_n78,1,100,2,2,1
1-3-7_n28_n78,2;4,30;100,1;2,2;2,0;1,1_n78,1,100,2,2,1
1-3-7_n28_n78,2;4,30;100,1;2,2;2,0;1,1_n28,1,20,1,2,0
1-3-7C_n78,4,100,2,2,1,1_n78,1,100,2,2,1
1-3-20_n28_n78,2;4,30;100,1;2,2;2,0;1,1_n78,1,100,2,2,1
1-3-20_n28_n78,2;4,30;100,1;2,2;2,0;1,1_n28,1,20,1,2,0
1-3C-7_n78,4,100,2,2,1,1_n78,1,100,2,2,1
1-3C_n78_n78,4;4,100;100,2;2,2;2,1;1,1_n78,1,100,2,2,1
1-7-20_n3_n78,2;4,40;100,1;2,2;2,0;1,1_n78,1,100,2,2,1
1-7-20_n3_n78,4;4,25;100,2;2,2;2,0;1,1_n78,1,100,2,2,1
1-7-20_n3_n78,2;4,40;100,1;2,2;2,0;1,1_n3,1,20,1,2,0
1-7-20_n3_n78,4;4,25;100,2;2,2;2,0;1,1_n3,1,40,1,2,0
1-7-20_n28_n78,2;4,30;100,1;2,2;2,0;1,1_n78,1,100,2,2,1
1-7-20_n28_n78,2;4,30;100,1;2,2;2,0;1,1_n28,1,20,1,2,0
1-7-28_n3_n78,2;4,40;100,1;2,2;2,0;1,1_n78,1,100,2,2,1
1-7-28_n3_n78,4;4,25;100,2;2,2;2,0;1,1_n78,1,100,2,2,1
1-7-28_n3_n78,2;4,40;100,1;2,2;2,0;1,1_n3,1,20,1,2,0
1-7-28_n3_n78,4;4,25;100,2;2,2;2,0;1,1_n3,1,40,1,2,0
1-7C_n78_n78,4;4,100;100,2;2,2;2,1;1,1_n78,1,100,2,2,1
3-7-8_n1_n78,2;4,40;100,1;2,2;2,0;1,8_n78,1,100,2,2,1
3-7-8_n1_n78,2;4,40;100,1;2,2;2,0;1,8_n1,1,20,1,2,0
3-7-20-28_n1,2,40,1,2,0,28_n1,1,20,1,2,0
3-7-20-28_n1,2,40,1,2,0,20_n1,1,20,1,2,0
3-7-20_n1_n78,2;4,40;100,1;2,2;2,0;1,20_n78,1,100,2,2,1
3-7-20_n1_n78,2;4,40;100,1;2,2;2,0;1,20_n1,1,20,1,2,0
3-7-20_n28_n78,2;4,30;100,1;2,2;2,0;1,20_n78,1,100,2,2,1
3-7-28_n1_n78,2;4,40;100,1;2,2;2,0;1,28_n78,1,100,2,2,1
3-7-28_n1_n78,2;4,40;100,1;2,2;2,0;1,28_n1,1,20,1,2,0
3-7-8_n1_n78,2;4,40;100,1;2,2;2,0;1,7_n78,1,100,2,2,1
3-7-8_n1_n78,2;4,40;100,1;2,2;2,0;1,7_n1,1,20,1,2,0
3-7-20-28_n1,2,40,1,2,0,7_n1,1,20,1,2,0
3-7-20_n1_n78,2;4,40;100,1;2,2;2,0;1,7_n78,1,100,2,2,1
3-7-20_n1_n78,2;4,40;100,1;2,2;2,0;1,7_n1,1,20,1,2,0
3-7-20_n28_n78,2;4,30;100,1;2,2;2,0;1,7_n78,1,100,2,2,1
3-7-20_n28_n78,2;4,30;100,1;2,2;2,0;1,7_n28,1,20,1,2,0
3-7-28_n1_n78,2;4,40;100,1;2,2;2,0;1,7_n78,1,100,2,2,1
3-7-28_n1_n78,2;4,40;100,1;2,2;2,0;1,7_n1,1,20,1,2,0
3-7C_n78_n78,4;4,100;100,2;2,2;2,1;1,7_n78,1,100,2,2,1
3-7-8_n1_n78,2;4,40;100,1;2,2;2,0;1,3_n78,1,100,2,2,1
3-7-8_n1_n78,2;4,40;100,1;2,2;2,0;1,3_n1,1,20,1,2,0
3-7-20-28_n1,2,40,1,2,0,3_n1,1,20,1,2,0
3-7-20_n1_n78,2;4,40;100,1;2,2;2,0;1,3_n78,1,100,2,2,1
3-7-20_n1_n78,2;4,40;100,1;2,2;2,0;1,3_n1,1,20,1,2,0
3-7-20_n28_n78,2;4,30;100,1;2,2;2,0;1,3_n78,1,100,2,2,1
3-7-20_n28_n78,2;4,30;100,1;2,2;2,0;1,3_n28,1,20,1,2,0
3-7-28_n1_n78,2;4,40;100,1;2,2;2,0;1,3_n78,1,100,2,2,1
3-7-28_n1_n78,2;4,40;100,1;2,2;2,0;1,3_n1,1,20,1,2,0
3-7C_n78_n78,4;4,100;100,2;2,2;2,1;1,3_n78,1,100,2,2,1
3C-7_n78_n78,4;4,100;100,2;2,2;2,1;1,7_n78,1,100,2,2,1
3C-7C_n78,4,100,2,2,1,7_n78,1,100,2,2,1
3C-7_n78_n78,4;4,100;100,2;2,2;2,1;1,3_n78,1,100,2,2,1
3C-7C_n78,4,100,2,2,1,3_n78,1,100,2,2,1
1-3-7C_n78_n78,4;4,100;100,2;2,2;2,1;1,7_n78,1,100,2,2,1
1-3-7C_n78_n78,4;4,100;100,2;2,2;2,1;1,3_n78,1,100,2,2,1
1-3C-7_n78_n78,4;4,100;100,2;2,2;2,1;1,7_n78,1,100,2,2,1
1-3C-7_n78_n78,4;4,100;100,2;2,2;2,1;1,3_n78,1,100,2,2,1
1-3-7C_n78_n78,4;4,100;100,2;2,2;2,1;1,1_n78,1,100,2,2,1
1-3C-7_n78_n78,4;4,100;100,2;2,2;2,1;1,1_n78,1,100,2,2,1
1-3-7-20_n28_n78,2;4,30;100,1;2,2;2,0;1,20_n78,1,100,2,2,1
1-3-7-20_n28_n78,2;4,30;100,1;2,2;2,0;1,7_n78,1,100,2,2,1
1-3-7-20_n28_n78,2;4,30;100,1;2,2;2,0;1,7_n28,1,20,1,2,0
1-3-7-20_n28_n78,2;4,30;100,1;2,2;2,0;1,3_n78,1,100,2,2,1
1-3-7-20_n28_n78,2;4,30;100,1;2,2;2,0;1,3_n28,1,20,1,2,0
1-3C-7C_n78,4,100,2,2,1,7_n78,1,100,2,2,1
1-3C-7C_n78,4,100,2,2,1,3_n78,1,100,2,2,1
1-3-7-20_n28_n78,2;4,30;100,1;2,2;2,0;1,1_n78,1,100,2,2,1
1-3-7-20_n28_n78,2;4,30;100,1;2,2;2,0;1,1_n28,1,20,1,2,0
1-3C-7C_n78,4,100,2,2,1,1_n78,1,100,2,2,1
3C-7C_n78_n78,4;4,100;100,2;2,2;2,1;1,7_n78,1,100,2,2,1
3C-7C_n78_n78,4;4,100;100,2;2,2;2,1;1,3_n78,1,100,2,2,1
1-3C-7C_n78_n78,4;4,100;100,2;2,2;2,1;1,7_n78,1,100,2,2,1
1-3C-7C_n78_n78,4;4,100;100,2;2,2;2,1;1,3_n78,1,100,2,2,1
1-3C-7C_n78_n78,4;4,100;100,2;2,2;2,1;1,1_n78,1,100,2,2,1
