n1,n1
n3,n3
n3,n3
n3,n3
n7,n7
n7,n7
n78,n78
n78,n78
1_n78,1_n78
1_n78,1_n78
1_n3,1_n3
1_n3,1_n3
1_n7,1_n7
1_n7,1_n7
3_n78,3_n78
3_n78,3_n78
3_n3,3_n3
3_n3,3_n3
3_n7,3_n7
3_n7,3_n7
7_n78,7_n78
8_n3,8_n3
8_n78,8_n78
20_n3,20_n3
20_n3,20_n3
20_n3,20_n3
20_n7,20_n7
20_n7,20_n7
20_n78,20_n78
28_n3,28_n3
28_n3,28_n3
28_n3,28_n3
28_n78,28_n78
38_n78,38_n78
1-3_n78,3_n78
1-3_n78,3_n78
1-20_n3,20_n3
1-20_n3,20_n3
1-20_n3,20_n3
1-20_n7,20_n7
1-20_n7,20_n7
1-20_n7,20_n7
1-20_n7,20_n7
1-20_n78,20_n78
1-20_n78,20_n78
1-28_n3,28_n3
1-28_n3,28_n3
1-28_n3,28_n3
1-3_n78,1_n78
1-3_n78,1_n78
1-20_n78,1_n78
1-20_n78,1_n78
1_n3_n78,1_n78
1_n3_n78,1_n78
1_n3_n78,1_n78
1-3_n3,3_n3
1-3_n3,3_n3
1-3_n7,3_n7
1-3_n7,3_n7
1-3_n3,1_n3
1-3_n3,1_n3
1-3_n7,1_n7
1-3_n7,1_n7
1-20_n3,1_n3
1-20_n3,1_n3
1-20_n7,1_n7
1-20_n7,1_n7
1-28_n3,1_n3
1-28_n3,1_n3
1_n3_n78,1_n3
1_n3_n78,1_n3
3-3_n78,3_n78
3-3_n78,3_n78
3-7_n78,7_n78
3-7_n78,7_n78
3-7_n78,7_n78
3-20_n7,20_n7
3-20_n7,20_n7
3-20_n7,20_n7
3-20_n7,20_n7
3-20_n78,20_n78
3-20_n78,20_n78
3-28_n3,28_n3
3-28_n3,28_n3
3-28_n3,28_n3
3-38_n78,38_n78
3-38_n78,38_n78
3-7_n78,3_n78
3-7_n78,3_n78
3-7_n78,3_n78
3-20_n78,3_n78
3-20_n78,3_n78
3-38_n78,3_n78
3-38_n78,3_n78
3_n3_n78,3_n78
3_n3_n78,3_n78
3_n3_n78,3_n78
3-20_n7,3_n7
3-20_n7,3_n7
3-28_n3,3_n3
3-28_n3,3_n3
3_n3_n78,3_n3
3_n3_n78,3_n3
7-20_n78,20_n78
7-20_n78,7_n78
20-38_n78,38_n78
20-38_n78,20_n78
20_n3_n78,20_n78
20_n3_n78,20_n78
20_n3_n78,20_n78
20_n3_n78,20_n3
20_n3_n78,20_n3
20_n3_n78,20_n3
28_n3_n78,28_n78
28_n3_n78,28_n78
28_n3_n78,28_n78
28_n3_n78,28_n3
28_n3_n78,28_n3
28_n3_n78,28_n3
1-3-20_n7,20_n7
1-3-20_n7,20_n7
1-3-20_n78,20_n78
1-3-28_n3,28_n3
1-3-28_n3,28_n3
1-3-20_n7,3_n7
1-3-20_n7,3_n7
1-3-20_n78,3_n78
1-3-28_n3,3_n3
1-3-28_n3,3_n3
1-3_n3_n78,3_n78
1-3_n3_n78,3_n78
1-3_n3_n78,3_n3
1-3_n3_n78,3_n3
1-20_n3_n78,20_n78
1-20_n3_n78,20_n78
1-20_n3_n78,20_n3
1-20_n3_n78,20_n3
1-3-20_n7,1_n7
1-3-20_n7,1_n7
1-3-20_n78,1_n78
1-3-28_n3,1_n3
1-3-28_n3,1_n3
1-3_n3_n78,1_n78
1-3_n3_n78,1_n78
1-3_n3_n78,1_n3
1-3_n3_n78,1_n3
1-20_n3_n78,1_n78
1-20_n3_n78,1_n78
1-20_n3_n78,1_n3
1-20_n3_n78,1_n3
3-3-7_n78,7_n78
3-3-7_n78,7_n78
3-3-7_n78,7_n78
3-3-7_n78,3_n78
3-3-7_n78,3_n78
3-3-7_n78,3_n78
3-7-20_n78,20_n78
3-7-20_n78,7_n78
3-20-38_n78,38_n78
3-20-38_n78,20_n78
3-7-20_n78,3_n78
3-20-38_n78,3_n78
