n2,n2
n2,n2
n5,n5
n5,n5
n12,n12
n12,n12
n14,n14
n30,n30
n66,n66
n66,n66
n66,n66
n77,n77
n77,n77
n2_n2,n2
n2_n2,n2
n2_n5,n5
n2_n5,n5
n2_n5,n5
n2_n12,n12
n2_n12,n12
n2_n12,n12
n2_n66,n66
n2_n66,n66
n2_n66,n66
n2_n77,n77
n2_n77,n77
n2_n77,n77
n2_n5,n2
n2_n5,n2
n2_n5,n2
n2_n12,n2
n2_n12,n2
n2_n12,n2
n2_n66,n2
n2_n66,n2
n2_n66,n2
n2_n77,n2
n2_n77,n2
n2_n30,n30
n2_n30,n30
n2_n30,n2
n2_n30,n2
n5_n30,n30
n5_n30,n30
n5_n66,n66
n5_n66,n66
n5_n66,n66
n5_n77,n77
n5_n77,n77
n5_n77,n77
n5_n30,n5
n5_n30,n5
n5_n66,n5
n5_n66,n5
n5_n66,n5
n5_n77,n5
n5_n77,n5
n12_n30,n30
n12_n30,n30
n12_n66,n66
n12_n66,n66
n12_n66,n66
n12_n30,n12
n12_n30,n12
n12_n66,n12
n12_n66,n12
n12_n66,n12
n12_n77,n77
n12_n77,n12
n30_n66,n66
n30_n66,n66
n30_n66,n66
n30_n66,n30
n30_n66,n30
n30_n66,n30
n30_n77,n77
n30_n77,n77
n30_n77,n30
n66_n66,n66
n66_n66,n66
n66_n66,n66
n66_n77,n77
n66_n77,n77
n66_n77,n77
n66_n77,n66
n66_n77,n66
n66_n77,n66
n66_n66,n66
n77_n77,n77
n77_n77,n77
n77_n77,n77
2_n5,2_n5
2_n5,2_n5
2_n5,2_n5
2_n77,2_n77
2_n77,2_n77
2_n2,2_n2
2_n30,2_n30
2_n66,2_n66
2_n66,2_n66
2_n260,2_n260
5_n2,5_n2
5_n2,5_n2
5_n30,5_n30
5_n66,5_n66
5_n66,5_n66
5_n66,5_n66
5_n77,5_n77
5_n260,5_n260
12_n2,12_n2
12_n2,12_n2
12_n30,12_n30
12_n66,12_n66
12_n66,12_n66
12_n66,12_n66
12_n77,12_n77
12_n260,12_n260
14_n2,14_n2
14_n30,14_n30
14_n66,14_n66
14_n66,14_n66
14_n77,14_n77
14_n260,14_n260
30_n2,30_n2
30_n5,30_n5
30_n5,30_n5
30_n66,30_n66
30_n66,30_n66
30_n77,30_n77
30_n260,30_n260
66_n5,66_n5
66_n5,66_n5
66_n5,66_n5
66_n77,66_n77
66_n77,66_n77
66_n2,66_n2
66_n30,66_n30
66_n66,66_n66
66_n66,66_n66
66_n260,66_n260
n2_n2_n5,n5
n2_n2_n5,n5
n2_n2_n5,n5
n2_n2_n66,n66
n2_n2_n66,n66
n2_n2_n66,n66
n2_n2_n77,n77
n2_n2_n77,n77
n2_n2_n77,n77
n2_n2_n5,n2
n2_n2_n5,n2
n2_n2_n5,n2
n2_n2_n66,n2
n2_n2_n66,n2
n2_n2_n66,n2
n2_n2_n77,n2
n2_n2_n77,n2
n2_n5_n66,n66
n2_n5_n66,n66
n2_n5_n66,n66
n2_n5_n77,n77
n2_n5_n77,n77
n2_n5_n77,n77
n2_n5_n66,n5
n2_n5_n66,n5
n2_n5_n66,n5
n2_n5_n77,n5
n2_n5_n77,n5
n2_n5_n77,n5
n2_n12_n66,n66
n2_n12_n66,n66
n2_n12_n66,n66
n2_n12_n66,n12
n2_n12_n66,n12
n2_n12_n66,n12
n2_n66_n66,n66
n2_n66_n66,n66
n2_n66_n66,n66
n2_n66_n77,n77
n2_n66_n77,n77
n2_n66_n77,n77
n2_n66_n77,n66
n2_n66_n77,n66
n2_n66_n77,n66
n2_n77_n77,n77
n2_n77_n77,n77
n2_n77_n77,n77
n2_n5_n66,n2
n2_n5_n66,n2
n2_n5_n66,n2
n2_n5_n77,n2
n2_n5_n77,n2
n2_n5_n77,n2
n2_n12_n66,n2
n2_n12_n66,n2
n2_n12_n66,n2
n2_n66_n66,n2
n2_n66_n66,n2
n2_n66_n66,n2
n2_n66_n77,n2
n2_n66_n77,n2
n2_n66_n77,n2
n2_n77_n77,n2
n2_n77_n77,n2
n2_n77_n77,n2
n2_n2_n12,n12
n2_n2_n30,n30
n2_n2_n12,n2
n2_n2_n30,n2
n2_n5_n30,n30
n2_n5_n30,n30
n2_n5_n30,n30
n2_n5_n30,n5
n2_n5_n30,n5
n2_n5_n30,n5
n2_n12_n30,n30
n2_n12_n30,n30
n2_n12_n30,n30
n2_n12_n30,n12
n2_n12_n30,n12
n2_n12_n30,n12
n2_n12_n77,n77
n2_n12_n77,n12
n2_n30_n66,n66
n2_n30_n66,n66
n2_n30_n66,n66
n2_n30_n77,n77
n2_n30_n77,n77
n2_n30_n77,n77
n2_n30_n66,n30
n2_n30_n66,n30
n2_n30_n66,n30
n2_n30_n77,n30
n2_n30_n77,n30
n2_n66_n66,n66
n2_n5_n30,n2
n2_n5_n30,n2
n2_n5_n30,n2
n2_n12_n30,n2
n2_n12_n30,n2
n2_n12_n30,n2
n2_n12_n77,n2
n2_n30_n66,n2
n2_n30_n66,n2
n2_n30_n66,n2
n2_n30_n77,n2
n2_n30_n77,n2
n5_n30_n66,n66
n5_n30_n66,n66
n5_n30_n66,n66
n5_n30_n66,n30
n5_n30_n66,n30
n5_n30_n66,n30
n5_n30_n77,n77
n5_n30_n77,n77
n5_n30_n77,n30
n5_n30_n77,n30
n5_n66_n66,n66
n5_n66_n66,n66
n5_n66_n66,n66
n5_n66_n77,n77
n5_n66_n77,n77
n5_n66_n77,n77
n5_n66_n77,n66
n5_n66_n77,n66
n5_n66_n77,n66
n5_n77_n77,n77
n5_n77_n77,n77
n5_n77_n77,n77
n5_n30_n66,n5
n5_n30_n66,n5
n5_n30_n66,n5
n5_n30_n77,n5
n5_n30_n77,n5
n5_n66_n66,n5
n5_n66_n66,n5
n5_n66_n66,n5
n5_n66_n77,n5
n5_n66_n77,n5
n5_n66_n77,n5
n5_n77_n77,n5
n5_n77_n77,n5
n5_n66_n66,n66
n12_n30_n66,n66
n12_n30_n66,n66
n12_n30_n66,n66
n12_n30_n66,n30
n12_n30_n66,n30
n12_n30_n66,n30
n12_n30_n66,n12
n12_n30_n66,n12
n12_n30_n66,n12
n12_n30_n77,n77
n12_n30_n77,n30
n12_n66_n66,n66
n12_n66_n66,n66
n12_n66_n77,n77
n12_n66_n77,n66
n12_n77_n77,n77
n12_n30_n77,n12
n12_n66_n66,n12
n12_n66_n77,n12
n12_n77_n77,n12
n30_n66_n66,n66
n30_n66_n66,n66
n30_n66_n66,n66
n30_n66_n77,n77
n30_n66_n77,n77
n30_n66_n77,n77
n30_n66_n77,n66
n30_n66_n77,n66
n30_n66_n77,n66
n30_n66_n66,n30
n30_n66_n66,n30
n30_n66_n66,n30
n30_n66_n77,n30
n30_n66_n77,n30
n30_n66_n77,n30
n30_n66_n66,n66
n30_n77_n77,n77
n30_n77_n77,n77
n30_n77_n77,n30
n30_n77_n77,n30
n66_n66_n66,n66
n66_n66_n66,n66
n66_n66_n77,n77
n66_n66_n77,n77
n66_n66_n77,n77
n66_n66_n77,n66
n66_n66_n77,n66
n66_n66_n77,n66
n66_n77_n77,n77
n66_n77_n77,n77
n66_n77_n77,n77
n66_n77_n77,n66
n66_n77_n77,n66
n66_n77_n77,n66
n66_n66_n77,n66
2-2_n5,2_n5
2-2_n5,2_n5
2-2_n5,2_n5
2-2_n77,2_n77
2-2_n77,2_n77
2-5_n2,5_n2
2-5_n2,5_n2
2-5_n66,5_n66
2-5_n66,5_n66
2-5_n66,5_n66
2-5_n77,5_n77
2-5_n77,5_n77
2-12_n2,12_n2
2-12_n2,12_n2
2-12_n66,12_n66
2-12_n66,12_n66
2-12_n66,12_n66
2-12_n77,12_n77
2-12_n77,12_n77
2-66_n5,66_n5
2-66_n5,66_n5
2-66_n5,66_n5
2-66_n77,66_n77
2-66_n77,66_n77
2-5_n5,2_n5
2-5_n5,2_n5
2-5_n5,2_n5
2-5_n77,2_n77
2-5_n77,2_n77
2-12_n77,2_n77
2-12_n77,2_n77
2-66_n5,2_n5
2-66_n5,2_n5
2-66_n5,2_n5
2-66_n77,2_n77
2-66_n77,2_n77
2-2_n30,2_n30
2-2_n66,2_n66
2-2_n66,2_n66
2-2_n260,2_n260
2-5_n30,5_n30
2-5_n30,5_n30
2-5_n260,5_n260
2-12_n30,12_n30
2-12_n30,12_n30
2-12_n260,12_n260
2-14_n2,14_n2
2-14_n30,14_n30
2-14_n30,14_n30
2-14_n66,14_n66
2-14_n66,14_n66
2-14_n77,14_n77
2-14_n260,14_n260
2-30_n5,30_n5
2-30_n5,30_n5
2-30_n5,30_n5
2-30_n77,30_n77
2-30_n77,30_n77
2-30_n2,30_n2
2-30_n66,30_n66
2-30_n66,30_n66
2-30_n260,30_n260
2-66_n2,66_n2
2-66_n30,66_n30
2-66_n66,66_n66
2-66_n66,66_n66
2-66_n260,66_n260
2-5_n2,2_n2
2-5_n30,2_n30
2-5_n66,2_n66
2-5_n66,2_n66
2-5_n260,2_n260
2-12_n2,2_n2
2-12_n30,2_n30
2-12_n66,2_n66
2-12_n66,2_n66
2-12_n260,2_n260
2-14_n2,2_n2
2-14_n30,2_n30
2-14_n66,2_n66
2-14_n66,2_n66
2-14_n77,2_n77
2-14_n260,2_n260
2-29_n2,2_n2
2-29_n30,2_n30
2-29_n66,2_n66
2-29_n77,2_n77
2-29_n260,2_n260
2-30_n5,2_n5
2-30_n5,2_n5
2-30_n5,2_n5
2-30_n77,2_n77
2-30_n77,2_n77
2-30_n2,2_n2
2-30_n66,2_n66
2-30_n66,2_n66
2-30_n260,2_n260
2-46_n5,2_n5
2-46_n5,2_n5
2-46_n260,2_n260
2-66_n2,2_n2
2-66_n30,2_n30
2-66_n66,2_n66
2-66_n66,2_n66
2-66_n260,2_n260
2_n260G,2_n260
5-30_n2,30_n2
5-30_n66,30_n66
5-30_n66,30_n66
5-30_n77,30_n77
5-30_n260,30_n260
5-66_n5,66_n5
5-66_n5,66_n5
5-66_n5,66_n5
5-66_n77,66_n77
5-66_n77,66_n77
5-66_n2,66_n2
5-66_n30,66_n30
5-66_n66,66_n66
5-66_n66,66_n66
5-66_n260,66_n260
5-30_n2,5_n2
5-30_n2,5_n2
5-30_n66,5_n66
5-30_n66,5_n66
5-30_n66,5_n66
5-30_n77,5_n77
5-30_n260,5_n260
5-66_n2,5_n2
5-66_n2,5_n2
5-66_n66,5_n66
5-66_n66,5_n66
5-66_n66,5_n66
5-66_n77,5_n77
5-66_n77,5_n77
5-66_n30,5_n30
5-66_n30,5_n30
5-66_n260,5_n260
5_n260G,5_n260
12-30_n2,30_n2
12-30_n66,30_n66
12-30_n66,30_n66
12-30_n77,30_n77
12-30_n260,30_n260
12-66_n77,66_n77
12-66_n77,66_n77
12-66_n2,66_n2
12-66_n30,66_n30
12-66_n66,66_n66
12-66_n66,66_n66
12-66_n260,66_n260
12-30_n2,12_n2
12-30_n2,12_n2
12-30_n66,12_n66
12-30_n66,12_n66
12-30_n66,12_n66
12-30_n77,12_n77
12-30_n260,12_n260
12-66_n2,12_n2
12-66_n2,12_n2
12-66_n66,12_n66
12-66_n66,12_n66
12-66_n66,12_n66
12-66_n77,12_n77
12-66_n77,12_n77
12-66_n30,12_n30
12-66_n30,12_n30
12-66_n260,12_n260
12_n260G,12_n260
14-30_n2,30_n2
14-30_n66,30_n66
14-30_n66,30_n66
14-30_n77,30_n77
14-30_n260,30_n260
14-66_n2,66_n2
14-66_n30,66_n30
14-66_n66,66_n66
14-66_n66,66_n66
14-66_n77,66_n77
14-66_n260,66_n260
14-30_n2,14_n2
14-30_n2,14_n2
14-30_n66,14_n66
14-30_n66,14_n66
14-30_n66,14_n66
14-30_n77,14_n77
14-30_n260,14_n260
14-66_n2,14_n2
14-66_n30,14_n30
14-66_n30,14_n30
14-66_n66,14_n66
14-66_n66,14_n66
14-66_n77,14_n77
14-66_n260,14_n260
14_n260G,14_n260
29-30_n2,30_n2
29-30_n66,30_n66
29-30_n77,30_n77
29-66_n2,66_n2
29-66_n30,66_n30
29-66_n66,66_n66
29-66_n77,66_n77
30-66_n5,66_n5
30-66_n5,66_n5
30-66_n5,66_n5
30-66_n77,66_n77
30-66_n77,66_n77
30-66_n5,30_n5
30-66_n5,30_n5
30-66_n5,30_n5
30-66_n77,30_n77
30-66_n77,30_n77
30-66_n2,66_n2
30-66_n66,66_n66
30-66_n66,66_n66
30-66_n260,66_n260
30-66_n2,30_n2
30-66_n66,30_n66
30-66_n66,30_n66
30-66_n260,30_n260
30_n260G,30_n260
46-66_n5,66_n5
46-66_n5,66_n5
46-66_n260,66_n260
66-66_n5,66_n5
66-66_n5,66_n5
66-66_n5,66_n5
66-66_n77,66_n77
66-66_n77,66_n77
66-66_n2,66_n2
66-66_n30,66_n30
66-66_n260,66_n260
66_n260G,66_n260
n2_n2_n77_n77,n77
n2_n2_n77_n77,n77
n2_n2_n77_n77,n2
n2_n5_n77_n77,n77
n2_n5_n77_n77,n77
n2_n5_n77_n77,n5
n2_n30_n77_n77,n77
n2_n30_n77_n77,n77
n2_n30_n77_n77,n30
n2_n66_n77_n77,n77
n2_n66_n77_n77,n77
n2_n66_n77_n77,n66
n2_n5_n77_n77,n2
n2_n30_n77_n77,n2
n2_n66_n77_n77,n2
n5_n30_n77_n77,n77
n5_n30_n77_n77,n77
n5_n30_n77_n77,n30
n5_n66_n77_n77,n77
n5_n66_n77_n77,n77
n5_n66_n77_n77,n66
n5_n30_n77_n77,n5
n5_n66_n77_n77,n5
n30_n66_n77_n77,n77
n30_n66_n77_n77,n77
n30_n66_n77_n77,n66
n30_n66_n77_n77,n30
n66_n66_n77_n77,n77
n66_n66_n77_n77,n77
n66_n66_n77_n77,n66
2-2-5_n66,5_n66
2-2-5_n66,5_n66
2-2-5_n66,5_n66
2-2-5_n77,5_n77
2-2-5_n77,5_n77
2-2-12_n66,12_n66
2-2-12_n66,12_n66
2-2-12_n66,12_n66
2-2-12_n77,12_n77
2-2-12_n77,12_n77
2-2-66_n5,66_n5
2-2-66_n5,66_n5
2-2-66_n5,66_n5
2-2-66_n77,66_n77
2-2-66_n77,66_n77
2-2-5_n5,2_n5
2-2-5_n5,2_n5
2-2-5_n5,2_n5
2-2-5_n77,2_n77
2-2-5_n77,2_n77
2-2-12_n77,2_n77
2-2-12_n77,2_n77
2-2-66_n5,2_n5
2-2-66_n5,2_n5
2-2-66_n5,2_n5
2-2-66_n77,2_n77
2-2-66_n77,2_n77
2-66-66_n5,66_n5
2-66-66_n5,66_n5
2-66-66_n5,66_n5
2-66-66_n77,66_n77
2-66-66_n77,66_n77
2-66-66_n5,2_n5
2-66-66_n5,2_n5
2-66-66_n5,2_n5
2-66-66_n77,2_n77
2-66-66_n77,2_n77
2-2-5_n30,5_n30
2-2-12_n30,12_n30
2-2-12_n30,12_n30
2-2-14_n30,14_n30
2-2-14_n30,14_n30
2-2-14_n66,14_n66
2-2-14_n66,14_n66
2-2-14_n77,14_n77
2-2-30_n5,30_n5
2-2-30_n5,30_n5
2-2-30_n5,30_n5
2-2-30_n77,30_n77
2-2-30_n77,30_n77
2-2-30_n66,30_n66
2-2-30_n66,30_n66
2-2-66_n30,66_n30
2-2-66_n66,66_n66
2-2-66_n66,66_n66
2-2-5_n30,2_n30
2-2-5_n66,2_n66
2-2-12_n30,2_n30
2-2-12_n66,2_n66
2-2-12_n66,2_n66
2-2-14_n30,2_n30
2-2-14_n66,2_n66
2-2-14_n66,2_n66
2-2-14_n77,2_n77
2-2-29_n30,2_n30
2-2-29_n66,2_n66
2-2-29_n77,2_n77
2-2-30_n5,2_n5
2-2-30_n5,2_n5
2-2-30_n5,2_n5
2-2-30_n77,2_n77
2-2-30_n77,2_n77
2-2-30_n66,2_n66
2-2-30_n66,2_n66
2-2-46_n5,2_n5
2-2-46_n5,2_n5
2-2-66_n30,2_n30
2-2-66_n66,2_n66
2-2-66_n66,2_n66
2-2_n260G,2_n260
2-5-30_n2,30_n2
2-5-30_n66,30_n66
2-5-30_n66,30_n66
2-5-30_n77,30_n77
2-5-66_n2,66_n2
2-5-66_n5,66_n5
2-5-66_n30,66_n30
2-5-66_n66,66_n66
2-5-66_n66,66_n66
2-5-66_n77,66_n77
2-5-30_n2,5_n2
2-5-30_n66,5_n66
2-5-30_n66,5_n66
2-5-30_n77,5_n77
2-5-66_n2,5_n2
2-5-66_n30,5_n30
2-5-66_n66,5_n66
2-5-66_n66,5_n66
2-5-66_n77,5_n77
2-5_n260G,5_n260
2-12-30_n2,30_n2
2-12-30_n66,30_n66
2-12-30_n66,30_n66
2-12-30_n77,30_n77
2-12-66_n2,66_n2
2-12-66_n30,66_n30
2-12-66_n66,66_n66
2-12-66_n66,66_n66
2-12-66_n77,66_n77
2-12-30_n2,12_n2
2-12-30_n66,12_n66
2-12-30_n66,12_n66
2-12-30_n77,12_n77
2-12-66_n2,12_n2
2-12-66_n30,12_n30
2-12-66_n66,12_n66
2-12-66_n66,12_n66
2-12-66_n77,12_n77
2-12_n260G,12_n260
2-14-30_n2,30_n2
2-14-30_n66,30_n66
2-14-30_n66,30_n66
2-14-30_n77,30_n77
2-14-66_n2,66_n2
2-14-66_n30,66_n30
2-14-66_n66,66_n66
2-14-66_n66,66_n66
2-14-66_n77,66_n77
2-14-30_n2,14_n2
2-14-30_n66,14_n66
2-14-30_n66,14_n66
2-14-30_n77,14_n77
2-14-66_n2,14_n2
2-14-66_n30,14_n30
2-14-66_n66,14_n66
2-14-66_n66,14_n66
2-14-66_n77,14_n77
2-14_n260G,14_n260
2-29-30_n2,30_n2
2-29-30_n66,30_n66
2-29-30_n77,30_n77
2-29-66_n2,66_n2
2-29-66_n30,66_n30
2-29-66_n66,66_n66
2-29-66_n77,66_n77
2-30-66_n2,66_n2
2-30-66_n5,66_n5
2-30-66_n5,66_n5
2-30-66_n66,66_n66
2-30-66_n66,66_n66
2-30-66_n77,66_n77
2-30-66_n2,30_n2
2-30-66_n5,30_n5
2-30-66_n5,30_n5
2-30-66_n66,30_n66
2-30-66_n66,30_n66
2-30-66_n77,30_n77
2-30_n260G,30_n260
2-46-66_n5,66_n5
2-46-66_n5,66_n5
2-66-66_n2,66_n2
2-66-66_n30,66_n30
2-66_n260G,66_n260
2-5-30_n2,2_n2
2-5-30_n66,2_n66
2-5-30_n66,2_n66
2-5-30_n77,2_n77
2-5-66_n2,2_n2
2-5-66_n5,2_n5
2-5-66_n30,2_n30
2-5-66_n66,2_n66
2-5-66_n66,2_n66
2-5-66_n77,2_n77
2-5_n260G,2_n260
2-12-30_n2,2_n2
2-12-30_n66,2_n66
2-12-30_n66,2_n66
2-12-30_n77,2_n77
2-12-66_n2,2_n2
2-12-66_n30,2_n30
2-12-66_n66,2_n66
2-12-66_n66,2_n66
2-12-66_n77,2_n77
2-12_n260G,2_n260
2-14-30_n2,2_n2
2-14-30_n66,2_n66
2-14-30_n66,2_n66
2-14-30_n77,2_n77
2-14-66_n2,2_n2
2-14-66_n30,2_n30
2-14-66_n66,2_n66
2-14-66_n66,2_n66
2-14-66_n77,2_n77
2-14_n260G,2_n260
2-29-30_n2,2_n2
2-29-30_n66,2_n66
2-29-30_n77,2_n77
2-29-66_n2,2_n2
2-29-66_n30,2_n30
2-29-66_n66,2_n66
2-29-66_n77,2_n77
2-29_n260G,2_n260
2-30-66_n2,2_n2
2-30-66_n5,2_n5
2-30-66_n5,2_n5
2-30-66_n66,2_n66
2-30-66_n66,2_n66
2-30-66_n77,2_n77
2-30_n260G,2_n260
2-46-66_n5,2_n5
2-46-66_n5,2_n5
2-46C_n5,2_n5
2-46C_n5,2_n5
2-66-66_n2,2_n2
2-66-66_n30,2_n30
2-66_n260G,2_n260
2_n260H,2_n260
5-30-66_n2,66_n2
5-30-66_n66,66_n66
5-30-66_n66,66_n66
5-30-66_n77,66_n77
5-30-66_n2,30_n2
5-30-66_n66,30_n66
5-30-66_n66,30_n66
5-30-66_n77,30_n77
5-30_n260G,30_n260
5-66-66_n5,66_n5
5-66-66_n5,66_n5
5-66-66_n5,66_n5
5-66-66_n77,66_n77
5-66-66_n77,66_n77
5-66-66_n2,66_n2
5-66-66_n30,66_n30
5-66_n260G,66_n260
5-30-66_n2,5_n2
5-30-66_n66,5_n66
5-30-66_n66,5_n66
5-30-66_n77,5_n77
5-30_n260G,5_n260
5-66-66_n2,5_n2
5-66-66_n2,5_n2
5-66-66_n77,5_n77
5-66-66_n77,5_n77
5-66-66_n30,5_n30
5-66-66_n30,5_n30
5-66_n260G,5_n260
5_n260H,5_n260
12-30-66_n2,66_n2
12-30-66_n66,66_n66
12-30-66_n66,66_n66
12-30-66_n77,66_n77
12-30-66_n2,30_n2
12-30-66_n66,30_n66
12-30-66_n66,30_n66
12-30-66_n77,30_n77
12-30_n260G,30_n260
12-66-66_n77,66_n77
12-66-66_n77,66_n77
12-66-66_n2,66_n2
12-66-66_n30,66_n30
12-66_n260G,66_n260
12-30-66_n2,12_n2
12-30-66_n66,12_n66
12-30-66_n66,12_n66
12-30-66_n77,12_n77
12-30_n260G,12_n260
12-66-66_n2,12_n2
12-66-66_n2,12_n2
12-66-66_n77,12_n77
12-66-66_n77,12_n77
12-66-66_n30,12_n30
12-66-66_n30,12_n30
12-66_n260G,12_n260
12_n260H,12_n260
14-30-66_n2,66_n2
14-30-66_n66,66_n66
14-30-66_n66,66_n66
14-30-66_n77,66_n77
14-30-66_n2,30_n2
14-30-66_n66,30_n66
14-30-66_n66,30_n66
14-30-66_n77,30_n77
14-30_n260G,30_n260
14-66-66_n2,66_n2
14-66-66_n30,66_n30
14-66-66_n77,66_n77
14-66_n260G,66_n260
14-30-66_n2,14_n2
14-30-66_n66,14_n66
14-30-66_n66,14_n66
14-30-66_n77,14_n77
14-30_n260G,14_n260
14-66-66_n2,14_n2
14-66-66_n30,14_n30
14-66-66_n30,14_n30
14-66-66_n77,14_n77
14-66_n260G,14_n260
14_n260H,14_n260
29-30-66_n2,66_n2
29-30-66_n66,66_n66
29-30-66_n77,66_n77
29-30-66_n2,30_n2
29-30-66_n66,30_n66
29-30-66_n77,30_n77
29-66-66_n2,66_n2
29-66-66_n30,66_n30
29-66-66_n77,66_n77
30-66-66_n5,66_n5
30-66-66_n5,66_n5
30-66-66_n5,66_n5
30-66-66_n77,66_n77
30-66-66_n77,66_n77
30-66-66_n5,30_n5
30-66-66_n5,30_n5
30-66-66_n5,30_n5
30-66-66_n77,30_n77
30-66-66_n77,30_n77
30-66-66_n2,66_n2
30-66_n260G,66_n260
30-66-66_n2,30_n2
30-66_n260G,30_n260
30_n260H,30_n260
46-66-66_n5,66_n5
46-66-66_n5,66_n5
46C-66_n5,66_n5
46C-66_n5,66_n5
46C-66_n260,66_n260
66-66-66_n5,66_n5
66-66-66_n5,66_n5
66-66-66_n5,66_n5
66-66-66_n2,66_n2
66-66-66_n77,66_n77
66-66_n260G,66_n260
66_n260H,66_n260
2-2-66-66_n5,66_n5
2-2-66-66_n5,66_n5
2-2-66-66_n5,66_n5
2-2-66-66_n77,66_n77
2-2-66-66_n77,66_n77
2-2-66-66_n5,2_n5
2-2-66-66_n5,2_n5
2-2-66-66_n5,2_n5
2-2-66-66_n77,2_n77
2-2-66-66_n77,2_n77
2-2-30-66_n66,66_n66
2-2-30-66_n77,66_n77
2-2-30-66_n66,30_n66
2-2-30-66_n77,30_n77
2-2-66-66_n30,66_n30
2-2-30-66_n66,2_n66
2-2-30-66_n77,2_n77
2-2-66-66_n30,2_n30
2-30-66-66_n2,66_n2
2-30-66-66_n77,66_n77
2-30-66-66_n2,30_n2
2-30-66-66_n77,30_n77
2-2-30-66_n66,2_n66
2-2-30-66_n77,2_n77
2-2-66-66_n30,2_n30
2-2-66-66_n77,2_n77
2-30-66-66_n2,2_n2
2-30-66-66_n77,2_n77
2-2-5-30_n66,30_n66
2-2-5-30_n66,30_n66
2-2-5-30_n77,30_n77
2-2-5-66_n5,66_n5
2-2-5-66_n30,66_n30
2-2-5-66_n66,66_n66
2-2-5-66_n77,66_n77
2-2-5-30_n66,5_n66
2-2-5-30_n66,5_n66
2-2-5-30_n77,5_n77
2-2-5-66_n30,5_n30
2-2-5-66_n66,5_n66
2-2-5-66_n77,5_n77
2-2-5_n260G,5_n260
2-2-12-30_n66,30_n66
2-2-12-30_n66,30_n66
2-2-12-30_n77,30_n77
2-2-12-66_n30,66_n30
2-2-12-66_n66,66_n66
2-2-12-66_n66,66_n66
2-2-12-66_n77,66_n77
2-2-12-30_n66,12_n66
2-2-12-30_n66,12_n66
2-2-12-30_n77,12_n77
2-2-12-66_n30,12_n30
2-2-12-66_n66,12_n66
2-2-12-66_n66,12_n66
2-2-12-66_n77,12_n77
2-2-12_n260G,12_n260
2-2-14-30_n66,30_n66
2-2-14-30_n66,30_n66
2-2-14-30_n77,30_n77
2-2-14-66_n30,66_n30
2-2-14-66_n66,66_n66
2-2-14-66_n66,66_n66
2-2-14-66_n77,66_n77
2-2-14-30_n66,14_n66
2-2-14-30_n66,14_n66
2-2-14-30_n77,14_n77
2-2-14-66_n30,14_n30
2-2-14-66_n66,14_n66
2-2-14-66_n66,14_n66
2-2-14-66_n77,14_n77
2-2-14_n260G,14_n260
2-2-29-30_n66,30_n66
2-2-29-30_n77,30_n77
2-2-29-66_n30,66_n30
2-2-29-66_n66,66_n66
2-2-30-66_n5,66_n5
2-2-30-66_n5,66_n5
2-2-30-66_n5,30_n5
2-2-30-66_n5,30_n5
2-2-30_n260G,30_n260
2-2-5-30_n66,2_n66
2-2-5-30_n66,2_n66
2-2-5-30_n77,2_n77
2-2-5-66_n5,2_n5
2-2-5-66_n30,2_n30
2-2-5-66_n66,2_n66
2-2-5-66_n77,2_n77
2-2-5_n260G,2_n260
2-2-12-30_n66,2_n66
2-2-12-30_n66,2_n66
2-2-12-30_n77,2_n77
2-2-12-66_n30,2_n30
2-2-12-66_n66,2_n66
2-2-12-66_n66,2_n66
2-2-12-66_n77,2_n77
2-2-12_n260G,2_n260
2-2-14-30_n66,2_n66
2-2-14-30_n66,2_n66
2-2-14-30_n77,2_n77
2-2-14-66_n30,2_n30
2-2-14-66_n66,2_n66
2-2-14-66_n66,2_n66
2-2-14-66_n77,2_n77
2-2-14_n260G,2_n260
2-2-29-30_n66,2_n66
2-2-29-30_n77,2_n77
2-2-29-66_n30,2_n30
2-2-29-66_n66,2_n66
2-2-30-66_n5,2_n5
2-2-30-66_n5,2_n5
2-2-30_n260G,2_n260
2-2-46C_n5,2_n5
2-2-46C_n5,2_n5
2-2_n260H,2_n260
2-5-30-66_n2,66_n2
2-5-30-66_n66,66_n66
2-5-30-66_n66,66_n66
2-5-30-66_n77,66_n77
2-5-30-66_n2,30_n2
2-5-30-66_n66,30_n66
2-5-30-66_n66,30_n66
2-5-30-66_n77,30_n77
2-5-30_n260G,30_n260
2-5-66-66_n2,66_n2
2-5-66-66_n5,66_n5
2-5-66-66_n30,66_n30
2-5-66-66_n77,66_n77
2-5-30-66_n2,5_n2
2-5-30-66_n66,5_n66
2-5-30-66_n66,5_n66
2-5-30-66_n77,5_n77
2-5-30_n260G,5_n260
2-5-66-66_n2,5_n2
2-5-66-66_n30,5_n30
2-5-66-66_n77,5_n77
2-5_n260H,5_n260
2-12-30-66_n2,66_n2
2-12-30-66_n66,66_n66
2-12-30-66_n66,66_n66
2-12-30-66_n77,66_n77
2-12-30-66_n2,30_n2
2-12-30-66_n66,30_n66
2-12-30-66_n66,30_n66
2-12-30-66_n77,30_n77
2-12-30_n260G,30_n260
2-12-66-66_n2,66_n2
2-12-66-66_n30,66_n30
2-12-66-66_n77,66_n77
2-12-66_n260G,66_n260
2-12-30-66_n2,12_n2
2-12-30-66_n66,12_n66
2-12-30-66_n66,12_n66
2-12-30-66_n77,12_n77
2-12-30_n260G,12_n260
2-12-66-66_n2,12_n2
2-12-66-66_n30,12_n30
2-12-66-66_n77,12_n77
2-12-66_n260G,12_n260
2-12_n260H,12_n260
2-14-30-66_n2,66_n2
2-14-30-66_n66,66_n66
2-14-30-66_n66,66_n66
2-14-30-66_n77,66_n77
2-14-30-66_n2,30_n2
2-14-30-66_n66,30_n66
2-14-30-66_n66,30_n66
2-14-30-66_n77,30_n77
2-14-30_n260G,30_n260
2-14-66-66_n2,66_n2
2-14-66-66_n30,66_n30
2-14-66-66_n77,66_n77
2-14-66_n260G,66_n260
2-14-30-66_n2,14_n2
2-14-30-66_n66,14_n66
2-14-30-66_n66,14_n66
2-14-30-66_n77,14_n77
2-14-30_n260G,14_n260
2-14-66-66_n2,14_n2
2-14-66-66_n30,14_n30
2-14-66-66_n77,14_n77
2-14-66_n260G,14_n260
2-14_n260H,14_n260
2-29-30-66_n2,66_n2
2-29-30-66_n66,66_n66
2-29-30-66_n77,66_n77
2-29-30-66_n2,30_n2
2-29-30-66_n66,30_n66
2-29-30-66_n77,30_n77
2-29-66-66_n2,66_n2
2-29-66-66_n30,66_n30
2-30-66-66_n5,66_n5
2-30-66-66_n5,66_n5
2-30-66_n260G,66_n260
2-30-66-66_n5,30_n5
2-30-66-66_n5,30_n5
2-30-66_n260G,30_n260
2-30_n260H,30_n260
2-46C-66_n5,66_n5
2-46C-66_n5,66_n5
2-66_n260H,66_n260
2-5-30-66_n2,2_n2
2-5-30-66_n66,2_n66
2-5-30-66_n66,2_n66
2-5-30-66_n77,2_n77
2-5-30_n260G,2_n260
2-5-66-66_n2,2_n2
2-5-66-66_n5,2_n5
2-5-66-66_n30,2_n30
2-5-66-66_n77,2_n77
2-5_n260H,2_n260
2-12-30-66_n2,2_n2
2-12-30-66_n66,2_n66
2-12-30-66_n66,2_n66
2-12-30-66_n77,2_n77
2-12-30_n260G,2_n260
2-12-66-66_n2,2_n2
2-12-66-66_n30,2_n30
2-12-66-66_n77,2_n77
2-12-66_n260G,2_n260
2-12_n260H,2_n260
2-14-30-66_n2,2_n2
2-14-30-66_n66,2_n66
2-14-30-66_n66,2_n66
2-14-30-66_n77,2_n77
2-14-30_n260G,2_n260
2-14-66-66_n2,2_n2
2-14-66-66_n30,2_n30
2-14-66-66_n77,2_n77
2-14-66_n260G,2_n260
2-14_n260H,2_n260
2-29-30-66_n2,2_n2
2-29-30-66_n66,2_n66
2-29-30-66_n77,2_n77
2-29-66-66_n2,2_n2
2-29-66-66_n30,2_n30
2-29_n260H,2_n260
2-30-66-66_n5,2_n5
2-30-66-66_n5,2_n5
2-30-66_n260G,2_n260
2-30_n260H,2_n260
2-46C-66_n5,2_n5
2-46C-66_n5,2_n5
2-46D_n5,2_n5
2-46D_n5,2_n5
2-66_n260H,2_n260
2_n260I,2_n260
5-30-66-66_n2,66_n2
5-30-66-66_n77,66_n77
5-30-66_n260G,66_n260
5-30-66-66_n2,30_n2
5-30-66-66_n77,30_n77
5-30-66_n260G,30_n260
5-30_n260H,30_n260
5-66_n260H,66_n260
5-30-66-66_n2,5_n2
5-30-66-66_n77,5_n77
5-30-66_n260G,5_n260
5-30_n260H,5_n260
5-66_n260H,5_n260
5_n260I,5_n260
12-30-66-66_n2,66_n2
12-30-66-66_n77,66_n77
12-30-66_n260G,66_n260
12-30-66-66_n2,30_n2
12-30-66-66_n77,30_n77
12-30-66_n260G,30_n260
12-30_n260H,30_n260
12-66-66_n260G,66_n260
12-66_n260H,66_n260
12-30-66-66_n2,12_n2
12-30-66-66_n77,12_n77
12-30-66_n260G,12_n260
12-30_n260H,12_n260
12-66-66_n260G,12_n260
12-66_n260H,12_n260
12_n260I,12_n260
14-30-66-66_n2,66_n2
14-30-66-66_n77,66_n77
14-30-66_n260G,66_n260
14-30-66-66_n2,30_n2
14-30-66-66_n77,30_n77
14-30-66_n260G,30_n260
14-30_n260H,30_n260
14-66-66_n260G,66_n260
14-66_n260H,66_n260
14-30-66-66_n2,14_n2
14-30-66-66_n77,14_n77
14-30-66_n260G,14_n260
14-30_n260H,14_n260
14-66-66_n260G,14_n260
14-66_n260H,14_n260
14_n260I,14_n260
29-30-66-66_n2,66_n2
29-30-66-66_n2,30_n2
30-66-66-66_n5,66_n5
30-66-66-66_n5,66_n5
30-66-66-66_n5,30_n5
30-66-66-66_n5,30_n5
30-66-66_n260G,66_n260
30-66_n260H,66_n260
30-66-66_n260G,30_n260
30-66_n260H,30_n260
30_n260I,30_n260
46C-66-66_n5,66_n5
46C-66-66_n5,66_n5
46D-66_n5,66_n5
46D-66_n5,66_n5
46D-66_n260,66_n260
66-66_n260H,66_n260
66_n260I,66_n260
2-2-5_n260H,5_n260
2-2-12_n260H,12_n260
2-2-14-66_n260G,66_n260
2-2-14-66_n260G,14_n260
2-2-14_n260H,14_n260
2-2-30-66_n260G,66_n260
2-2-30-66_n260G,30_n260
2-2-30_n260H,30_n260
2-2-66-66_n260G,66_n260
2-2-5_n260H,2_n260
2-2-12_n260H,2_n260
2-2-14-66_n260G,2_n260
2-2-14_n260H,2_n260
2-2-30-66_n260G,2_n260
2-2-30_n260H,2_n260
2-2-46D_n5,2_n5
2-2-46D_n5,2_n5
2-2-66-66_n260G,2_n260
2-2_n260I,2_n260
2-5-30_n260H,30_n260
2-5-66_n260H,66_n260
2-5-30_n260H,5_n260
2-5-66_n260H,5_n260
2-5_n260I,5_n260
2-12-30_n260H,30_n260
2-12-66_n260H,66_n260
2-12-30_n260H,12_n260
2-12-66_n260H,12_n260
2-12_n260I,12_n260
2-14-30-66_n260G,66_n260
2-14-30-66_n260G,30_n260
2-14-30_n260H,30_n260
2-14-66-66_n260G,66_n260
2-14-66_n260H,66_n260
2-14-30-66_n260G,14_n260
2-14-30_n260H,14_n260
2-14-66-66_n260G,14_n260
2-14-66_n260H,14_n260
2-14_n260I,14_n260
2-30-66-66_n260G,66_n260
2-30-66_n260H,66_n260
2-30-66-66_n260G,30_n260
2-30-66_n260H,30_n260
2-30_n260I,30_n260
2-46D-66_n5,66_n5
2-46D-66_n5,66_n5
2-66_n260I,66_n260
2-5-30_n260H,2_n260
2-5-66_n260H,2_n260
2-5_n260I,2_n260
2-12-30_n260H,2_n260
2-12-66_n260H,2_n260
2-12_n260I,2_n260
2-14-30-66_n260G,2_n260
2-14-30_n260H,2_n260
2-14-66-66_n260G,2_n260
2-14-66_n260H,2_n260
2-14_n260I,2_n260
2-29_n260I,2_n260
2-30-66-66_n260G,2_n260
2-30-66_n260H,2_n260
2-30_n260I,2_n260
2-46D-66_n5,2_n5
2-46D-66_n5,2_n5
2-66_n260I,2_n260
2_n260J,2_n260
5-30-66_n260H,66_n260
5-30-66_n260H,30_n260
5-30_n260I,30_n260
5-66_n260I,66_n260
5-30-66_n260H,5_n260
5-30_n260I,5_n260
5-66_n260I,5_n260
5_n260J,5_n260
12-30-66_n260H,66_n260
12-30-66_n260H,30_n260
12-30_n260I,30_n260
12-66-66_n260H,66_n260
12-66_n260I,66_n260
12-30-66_n260H,12_n260
12-30_n260I,12_n260
12-66-66_n260H,12_n260
12-66_n260I,12_n260
12_n260J,12_n260
14-30-66-66_n260G,66_n260
14-30-66_n260H,66_n260
14-30-66-66_n260G,30_n260
14-30-66_n260H,30_n260
14-30_n260I,30_n260
14-66-66_n260H,66_n260
14-66_n260I,66_n260
14-30-66-66_n260G,14_n260
14-30-66_n260H,14_n260
14-30_n260I,14_n260
14-66-66_n260H,14_n260
14-66_n260I,14_n260
14_n260J,14_n260
30-66-66_n260H,66_n260
30-66_n260I,66_n260
30-66-66_n260H,30_n260
30-66_n260I,30_n260
30_n260J,30_n260
46D-66-66_n5,66_n5
46D-66-66_n5,66_n5
66-66_n260I,66_n260
66_n260J,66_n260
2-2-14-66_n260H,66_n260
2-2-14-66_n260H,14_n260
2-2-14_n260I,14_n260
2-2-30-66_n260H,66_n260
2-2-30-66_n260H,30_n260
2-2-66-66_n260H,66_n260
2-2-14-66_n260H,2_n260
2-2-14_n260I,2_n260
2-2-30-66_n260H,2_n260
2-2-66-66_n260H,2_n260
2-2_n260J,2_n260
2-5_n260J,5_n260
2-12_n260J,12_n260
2-14-30-66_n260H,66_n260
2-14-30-66_n260H,30_n260
2-14-30_n260I,30_n260
2-14-66-66_n260H,66_n260
2-14-66_n260I,66_n260
2-14-30-66_n260H,14_n260
2-14-30_n260I,14_n260
2-14-66-66_n260H,14_n260
2-14-66_n260I,14_n260
2-14_n260J,14_n260
2-30-66-66_n260H,66_n260
2-30-66-66_n260H,30_n260
2-30_n260J,30_n260
2-66_n260J,66_n260
2-5_n260J,2_n260
2-12_n260J,2_n260
2-14-30-66_n260H,2_n260
2-14-30_n260I,2_n260
2-14-66-66_n260H,2_n260
2-14-66_n260I,2_n260
2-14_n260J,2_n260
2-30-66-66_n260H,2_n260
2-30_n260J,2_n260
2-66_n260J,2_n260
2_n260K,2_n260
5-30_n260J,30_n260
5-66_n260J,66_n260
5-30_n260J,5_n260
5-66_n260J,5_n260
5_n260K,5_n260
12-30_n260J,30_n260
12-66_n260J,66_n260
12-30_n260J,12_n260
12-66_n260J,12_n260
12_n260K,12_n260
14-30-66-66_n260H,66_n260
14-30-66_n260I,66_n260
14-30-66-66_n260H,30_n260
14-30-66_n260I,30_n260
14-30_n260J,30_n260
14-66-66_n260I,66_n260
14-66_n260J,66_n260
14-30-66-66_n260H,14_n260
14-30-66_n260I,14_n260
14-30_n260J,14_n260
14-66-66_n260I,14_n260
14-66_n260J,14_n260
14_n260K,14_n260
30-66_n260J,66_n260
30-66_n260J,30_n260
30_n260K,30_n260
66-66_n260J,66_n260
66_n260K,66_n260
2-2-14-66_n260I,66_n260
2-2-14-66_n260I,14_n260
2-2-14_n260J,14_n260
2-2-30-66_n260I,66_n260
2-2-30-66_n260I,30_n260
2-2-30_n260J,30_n260
2-2-66-66_n260I,66_n260
2-2-14-66_n260I,2_n260
2-2-14_n260J,2_n260
2-2-30-66_n260I,2_n260
2-2-30_n260J,2_n260
2-2-66-66_n260I,2_n260
2-2_n260K,2_n260
2-5-66_n260J,66_n260
2-5-66_n260J,5_n260
2-5_n260K,5_n260
2-12_n260K,12_n260
2-14-30-66_n260I,66_n260
2-14-30-66_n260I,30_n260
2-14-30_n260J,30_n260
2-14-66-66_n260I,66_n260
2-14-66_n260J,66_n260
2-14-30-66_n260I,14_n260
2-14-30_n260J,14_n260
2-14-66-66_n260I,14_n260
2-14-66_n260J,14_n260
2-14_n260K,14_n260
2-30-66-66_n260I,66_n260
2-30-66_n260J,66_n260
2-30-66-66_n260I,30_n260
2-30-66_n260J,30_n260
2-30_n260K,30_n260
2-66_n260K,66_n260
2-5-66_n260J,2_n260
2-5_n260K,2_n260
2-12_n260K,2_n260
2-14-30-66_n260I,2_n260
2-14-30_n260J,2_n260
2-14-66-66_n260I,2_n260
2-14-66_n260J,2_n260
2-14_n260K,2_n260
2-30-66-66_n260I,2_n260
2-30-66_n260J,2_n260
2-30_n260K,2_n260
2-66_n260K,2_n260
2_n260L,2_n260
5-30_n260K,30_n260
5-66_n260K,66_n260
5-30_n260K,5_n260
5-66_n260K,5_n260
5_n260L,5_n260
12-30_n260K,30_n260
12-66_n260K,66_n260
12-30_n260K,12_n260
12-66_n260K,12_n260
12_n260L,12_n260
14-30-66-66_n260I,66_n260
14-30-66_n260J,66_n260
14-30-66-66_n260I,30_n260
14-30-66_n260J,30_n260
14-30_n260K,30_n260
14-66-66_n260J,66_n260
14-66_n260K,66_n260
14-30-66-66_n260I,14_n260
14-30-66_n260J,14_n260
14-30_n260K,14_n260
14-66-66_n260J,14_n260
14-66_n260K,14_n260
14_n260L,14_n260
30-66-66_n260J,66_n260
30-66_n260K,66_n260
30-66-66_n260J,30_n260
30-66_n260K,30_n260
30_n260L,30_n260
66-66_n260K,66_n260
66_n260L,66_n260
2-2-30-66_n260J,66_n260
2-2-30-66_n260J,30_n260
2-2-66-66_n260J,66_n260
2-2-30-66_n260J,2_n260
2-2-66-66_n260J,2_n260
2-30-66-66_n260J,66_n260
2-30-66-66_n260J,30_n260
2-2-30-66_n260J,2_n260
2-2-66-66_n260J,2_n260
2-30-66-66_n260J,2_n260
2-2-14-66_n260J,66_n260
2-2-14-66_n260J,14_n260
2-2-14_n260K,14_n260
2-2-30_n260K,30_n260
2-2-14-66_n260J,2_n260
2-2-14_n260K,2_n260
2-2-30_n260K,2_n260
2-2_n260L,2_n260
2-5-66_n260K,66_n260
2-5-66_n260K,5_n260
2-5_n260L,5_n260
2-12_n260L,12_n260
2-14-30-66_n260J,66_n260
2-14-30-66_n260J,30_n260
2-14-30_n260K,30_n260
2-14-66-66_n260J,66_n260
2-14-66_n260K,66_n260
2-14-30-66_n260J,14_n260
2-14-30_n260K,14_n260
2-14-66-66_n260J,14_n260
2-14-66_n260K,14_n260
2-14_n260L,14_n260
2-30-66_n260K,66_n260
2-30-66_n260K,30_n260
2-30_n260L,30_n260
2-66_n260L,66_n260
2-5-66_n260K,2_n260
2-5_n260L,2_n260
2-12_n260L,2_n260
2-14-30-66_n260J,2_n260
2-14-30_n260K,2_n260
2-14-66-66_n260J,2_n260
2-14-66_n260K,2_n260
2-14_n260L,2_n260
2-30-66_n260K,2_n260
2-30_n260L,2_n260
2-66_n260L,2_n260
2_n260M,2_n260
5-30_n260L,30_n260
5-66_n260L,66_n260
5-30_n260L,5_n260
5-66_n260L,5_n260
5_n260M,5_n260
12-30_n260L,30_n260
12-66_n260L,66_n260
12-30_n260L,12_n260
12-66_n260L,12_n260
12_n260M,12_n260
14-30-66-66_n260J,66_n260
14-30-66_n260K,66_n260
14-30-66-66_n260J,30_n260
14-30-66_n260K,30_n260
14-30_n260L,30_n260
14-66-66_n260K,66_n260
14-66_n260L,66_n260
14-30-66-66_n260J,14_n260
14-30-66_n260K,14_n260
14-30_n260L,14_n260
14-66-66_n260K,14_n260
14-66_n260L,14_n260
14_n260M,14_n260
30-66-66_n260K,66_n260
30-66_n260L,66_n260
30-66-66_n260K,30_n260
30-66_n260L,30_n260
30_n260M,30_n260
66-66_n260L,66_n260
66_n260M,66_n260
2-2-30-66_n260K,66_n260
2-2-30-66_n260K,30_n260
2-2-66-66_n260K,66_n260
2-2-30-66_n260K,2_n260
2-2-66-66_n260K,2_n260
2-2-14-66_n260K,66_n260
2-2-14-66_n260K,14_n260
2-2-30_n260L,30_n260
2-2-14-66_n260K,2_n260
2-2-30_n260L,2_n260
2-14-30-66_n260K,66_n260
2-14-30-66_n260K,30_n260
2-14-66-66_n260K,66_n260
2-14-30-66_n260K,14_n260
2-14-66-66_n260K,14_n260
2-30-66-66_n260K,66_n260
2-30-66-66_n260K,30_n260
2-30-66_n260L,66_n260
2-30-66_n260L,30_n260
2-2-14-66_n260K,2_n260
2-2-30_n260L,2_n260
2-14-30-66_n260K,2_n260
2-14-66-66_n260K,2_n260
2-30-66-66_n260K,2_n260
2-30-66_n260L,2_n260
2-2-14_n260L,14_n260
2-2-14_n260L,2_n260
2-2_n260M,2_n260
2-5-66_n260L,66_n260
2-5-66_n260L,5_n260
2-5_n260M,5_n260
2-12_n260M,12_n260
2-14-30_n260L,30_n260
2-14-66_n260L,66_n260
2-14-30_n260L,14_n260
2-14-66_n260L,14_n260
2-14_n260M,14_n260
2-30_n260M,30_n260
2-66_n260M,66_n260
2-5-66_n260L,2_n260
2-5_n260M,2_n260
2-12_n260M,2_n260
2-14-30_n260L,2_n260
2-14-66_n260L,2_n260
2-14_n260M,2_n260
2-30_n260M,2_n260
2-66_n260M,2_n260
5-30_n260M,30_n260
5-66_n260M,66_n260
5-30_n260M,5_n260
5-66_n260M,5_n260
12-30_n260M,30_n260
12-66_n260M,66_n260
12-30_n260M,12_n260
12-66_n260M,12_n260
14-30-66-66_n260K,66_n260
14-30-66-66_n260K,30_n260
14-30-66_n260L,66_n260
14-30-66_n260L,30_n260
14-30_n260M,30_n260
14-66-66_n260L,66_n260
14-66_n260M,66_n260
14-30-66-66_n260K,14_n260
14-30-66_n260L,14_n260
14-30_n260M,14_n260
14-66-66_n260L,14_n260
14-66_n260M,14_n260
30-66-66_n260L,66_n260
30-66-66_n260L,30_n260
30-66_n260M,66_n260
30-66_n260M,30_n260
66-66_n260M,66_n260
