n3,n3
n3,n3
n28,n28
n28,n28
n41,n41
n41,n41
n77,n77
n77,n77
n78,n78
n78,n78
n3_n28,n28
n3_n28,n28
n3_n41,n41
n3_n41,n41
n3_n77,n77
n3_n77,n77
n3_n78,n78
n3_n78,n78
n3_n28,n3
n3_n28,n3
n3_n41,n3
n3_n41,n3
n3_n77,n3
n3_n77,n3
n3_n78,n3
n3_n78,n3
n28_n41,n41
n28_n77,n77
n28_n77,n77
n28_n78,n78
n28_n78,n78
n28_n41,n28
n28_n77,n28
n28_n78,n28
n41_n77,n77
n41_n77,n77
n41_n78,n78
n41_n78,n78
n41_n77,n41
n41_n78,n41
n77_n77,n77
n77_n77,n77
n78_n78,n78
n78_n78,n78
1_n28,1_n28
1_n28,1_n28
1_n77,1_n77
1_n77,1_n77
1_n78,1_n78
1_n78,1_n78
1_n41,1_n41
1_n257,1_n257
1_n257,1_n257
3_n28,3_n28
3_n28,3_n28
3_n77,3_n77
3_n77,3_n77
3_n78,3_n78
3_n78,3_n78
3_n41,3_n41
3_n257,3_n257
3_n257,3_n257
18_n3,18_n3
18_n3,18_n3
18_n77,18_n77
18_n78,18_n78
18_n257,18_n257
18_n257,18_n257
41_n77,41_n77
41_n78,41_n78
n3_n28_n41,n41
n3_n28_n41,n41
n3_n28_n77,n77
n3_n28_n77,n77
n3_n28_n78,n78
n3_n28_n78,n78
n3_n28_n41,n28
n3_n28_n41,n28
n3_n28_n77,n28
n3_n28_n77,n28
n3_n28_n78,n28
n3_n28_n78,n28
n3_n77_n77,n77
n3_n77_n77,n77
n3_n77_n77,n77
n3_n77_n77,n77
n3_n78_n78,n78
n3_n78_n78,n78
n3_n78_n78,n78
n3_n78_n78,n78
n3_n28_n41,n3
n3_n28_n41,n3
n3_n28_n77,n3
n3_n28_n77,n3
n3_n28_n78,n3
n3_n28_n78,n3
n3_n77_n77,n3
n3_n77_n77,n3
n3_n77_n77,n3
n3_n78_n78,n3
n3_n78_n78,n3
n3_n78_n78,n3
n3_n41_n77,n3
n3_n41_n78,n3
n28_n77_n77,n77
n28_n77_n77,n77
n28_n77_n77,n77
n28_n78_n78,n78
n28_n78_n78,n78
n28_n78_n78,n78
n28_n77_n77,n28
n28_n77_n77,n28
n28_n78_n78,n28
n28_n78_n78,n28
1-3_n28,3_n28
1-3_n28,3_n28
1-3_n77,3_n77
1-3_n77,3_n77
1-3_n78,3_n78
1-3_n78,3_n78
1-3_n28,1_n28
1-3_n28,1_n28
1-3_n77,1_n77
1-3_n77,1_n77
1-3_n78,1_n78
1-3_n78,1_n78
1-41_n28,1_n28
1-41_n28,1_n28
1-41_n77,1_n77
1-41_n77,1_n77
1-41_n78,1_n78
1-41_n78,1_n78
1_n28_n77,1_n28
1_n28_n78,1_n28
1_n77_n77,1_n77
1-3_n41,3_n41
1-3_n257,3_n257
1-3_n257,3_n257
1-18_n3,18_n3
1-18_n77,18_n77
1-18_n78,18_n78
1-18_n257,18_n257
1-18_n257,18_n257
1-3_n41,1_n41
1-3_n257,1_n257
1-3_n257,1_n257
1-18_n77,1_n77
1-18_n78,1_n78
1-18_n257,1_n257
1-18_n257,1_n257
1-41_n257,1_n257
1-41_n257,1_n257
1-41_n41,1_n41
1-42_n78,1_n78
1-42_n257,1_n257
3-41_n28,3_n28
3-41_n28,3_n28
3-41_n77,3_n77
3-41_n77,3_n77
3-41_n78,3_n78
3-41_n78,3_n78
3_n28_n77,3_n28
3_n28_n78,3_n28
3_n77_n77,3_n77
3-18_n77,18_n77
3-18_n78,18_n78
3-18_n257,18_n257
3-18_n257,18_n257
3-18_n77,3_n77
3-18_n78,3_n78
3-18_n257,3_n257
3-18_n257,3_n257
3-41_n257,3_n257
3-41_n257,3_n257
3-41_n41,3_n41
3-42_n78,3_n78
3-42_n257,3_n257
41C_n77,41_n77
41C_n78,41_n78
1_n257G,1_n257H
3_n257G,3_n257H
18_n257G,18_n257H
1-3_n28_n77,3_n28
1-3_n28_n78,3_n28
1-3_n77_n77,3_n77
1-3_n28_n77,1_n28
1-3_n28_n78,1_n28
1-3_n77_n77,1_n77
1-41_n28_n77,1_n28
1-41_n28_n78,1_n28
1-41_n77_n77,1_n77
1-41C_n28,1_n28
1-41C_n28,1_n28
1-41C_n77,1_n77
1-41C_n77,1_n77
1-41C_n78,1_n78
1-41C_n78,1_n78
1-3-18_n77,18_n77
1-3-18_n78,18_n78
1-3-18_n257,18_n257
1-3-18_n257,18_n257
1-3-18_n77,3_n77
1-3-18_n78,3_n78
1-3-18_n257,3_n257
1-3-18_n257,3_n257
1-3-41_n257,3_n257
1-3-41_n257,3_n257
1-3-41_n28,3_n28
1-3-41_n41,3_n41
1-3-41_n77,3_n77
1-3-41_n78,3_n78
1-3-42_n78,3_n78
1-3-42_n257,3_n257
1-3-18_n77,1_n77
1-3-18_n78,1_n78
1-3-18_n257,1_n257
1-3-18_n257,1_n257
1-3-41_n257,1_n257
1-3-41_n257,1_n257
1-3-41_n28,1_n28
1-3-41_n41,1_n41
1-3-41_n77,1_n77
1-3-41_n78,1_n78
1-3-42_n78,1_n78
1-3-42_n257,1_n257
1-41-42_n257,1_n257
1-41-42_n78,1_n78
1-41C_n257,1_n257
1-41C_n257,1_n257
1-42C_n78,1_n78
1-42C_n257,1_n257
3-41_n28_n77,3_n28
3-41_n28_n78,3_n28
3-41_n77_n77,3_n77
3-41C_n28,3_n28
3-41C_n28,3_n28
3-41C_n77,3_n77
3-41C_n77,3_n77
3-41C_n78,3_n78
3-41C_n78,3_n78
3-41-42_n257,3_n257
3-41-42_n78,3_n78
3-41C_n257,3_n257
3-41C_n257,3_n257
3-42C_n78,3_n78
3-42C_n257,3_n257
1-3_n257G,3_n257H
1-18_n257G,18_n257H
1-3_n257G,1_n257H
1-18_n257G,1_n257H
1-41_n257G,1_n257H
1-41_n257G,1_n257H
1-42_n257G,1_n257H
1_n257H,1_n257H
3-18_n257G,18_n257H
3-18_n257G,3_n257H
3-41_n257G,3_n257H
3-41_n257G,3_n257H
3-42_n257G,3_n257H
3_n257H,3_n257H
18_n257H,18_n257H
1_n257H,1_n257I
3_n257H,3_n257I
18_n257H,18_n257I
1-3-41_n28_n77,3_n28
1-3-41_n28_n78,3_n28
1-3-41_n77_n77,3_n77
1-3-41_n28_n77,1_n28
1-3-41_n28_n78,1_n28
1-3-41_n77_n77,1_n77
1-41C_n28_n77,1_n28
1-41C_n28_n78,1_n28
1-41C_n77_n77,1_n77
1-3-41-42_n257,3_n257
1-3-41-42_n78,3_n78
1-3-41C_n257,3_n257
1-3-41C_n257,3_n257
1-3-41C_n28,3_n28
1-3-41C_n77,3_n77
1-3-41C_n78,3_n78
1-3-42C_n78,3_n78
1-3-42C_n257,3_n257
1-3-41-42_n257,1_n257
1-3-41-42_n78,1_n78
1-3-41C_n257,1_n257
1-3-41C_n257,1_n257
1-3-41C_n28,1_n28
1-3-41C_n77,1_n77
1-3-41C_n78,1_n78
1-3-42C_n78,1_n78
1-3-42C_n257,1_n257
1-41-42C_n257,1_n257
1-41-42C_n78,1_n78
1-41C-42_n257,1_n257
1-41C-42_n78,1_n78
3-41C_n28_n77,3_n28
3-41C_n28_n78,3_n28
3-41C_n77_n77,3_n77
3-41-42C_n257,3_n257
3-41-42C_n78,3_n78
3-41C-42_n257,3_n257
3-41C-42_n78,3_n78
n41_n257I,n41_n257
n78_n257I,n78_n257
1-3-18_n257G,18_n257H
1-3-18_n257G,3_n257H
1-3-41_n257G,3_n257H
1-3-41_n257G,3_n257H
1-3-42_n257G,3_n257H
1-3_n257H,3_n257H
1-18_n257H,18_n257H
1-3-18_n257G,1_n257H
1-3-41_n257G,1_n257H
1-3-41_n257G,1_n257H
1-3-42_n257G,1_n257H
1-3_n257H,1_n257H
1-18_n257H,1_n257H
1-41-42_n257G,1_n257H
1-41_n257H,1_n257H
1-41C_n257G,1_n257H
1-41C_n257G,1_n257H
1-42_n257H,1_n257H
1-42C_n257G,1_n257H
1_n257I,1_n257H
3-18_n257H,18_n257H
3-18_n257H,3_n257H
3-41-42_n257G,3_n257H
3-41_n257H,3_n257H
3-41C_n257G,3_n257H
3-41C_n257G,3_n257H
3-42_n257H,3_n257H
3-42C_n257G,3_n257H
3_n257I,3_n257H
18_n257I,18_n257H
1-3_n257H,3_n257I
1-18_n257H,18_n257I
1-3_n257H,1_n257I
1-18_n257H,1_n257I
1-41_n257H,1_n257I
1-42_n257H,1_n257I
3-18_n257H,18_n257I
3-18_n257H,3_n257I
3-41_n257H,3_n257I
3-42_n257H,3_n257I
1_n257I,1_n257J
3_n257I,3_n257J
18_n257I,18_n257J
1-3-41C_n28_n77,3_n28
1-3-41C_n28_n78,3_n28
1-3-41C_n77_n77,3_n77
1-3-41C_n28_n77,1_n28
1-3-41C_n28_n78,1_n28
1-3-41C_n77_n77,1_n77
1-3-41-42C_n257,3_n257
1-3-41-42C_n78,3_n78
1-3-41C-42_n257,3_n257
1-3-41C-42_n78,3_n78
1-3-41-42C_n257,1_n257
1-3-41-42C_n78,1_n78
1-3-41C-42_n257,1_n257
1-3-41C-42_n78,1_n78
1-41C-42C_n257,1_n257
1-41C-42C_n78,1_n78
3-41C-42C_n257,3_n257
3-41C-42C_n78,3_n78
1-3-18_n257H,18_n257H
1-3-18_n257H,3_n257H
1-3-41-42_n257G,3_n257H
1-3-41_n257H,3_n257H
1-3-41C_n257G,3_n257H
1-3-41C_n257G,3_n257H
1-3-42_n257H,3_n257H
1-3-42C_n257G,3_n257H
1-3_n257I,3_n257H
1-18_n257I,18_n257H
1-3-18_n257H,1_n257H
1-3-41-42_n257G,1_n257H
1-3-41_n257H,1_n257H
1-3-41C_n257G,1_n257H
1-3-41C_n257G,1_n257H
1-3-42_n257H,1_n257H
1-3-42C_n257G,1_n257H
1-3_n257I,1_n257H
1-18_n257I,1_n257H
1-41-42_n257H,1_n257H
1-41-42C_n257G,1_n257H
1-41_n257I,1_n257H
1-41C-42_n257G,1_n257H
1-41C_n257H,1_n257H
1-42_n257I,1_n257H
1-42C_n257H,1_n257H
3-18_n257I,18_n257H
3-18_n257I,3_n257H
3-41-42_n257H,3_n257H
3-41-42C_n257G,3_n257H
3-41_n257I,3_n257H
3-41C-42_n257G,3_n257H
3-41C_n257H,3_n257H
3-42_n257I,3_n257H
3-42C_n257H,3_n257H
1-3-18_n257H,18_n257I
1-3-18_n257H,3_n257I
1-3-41_n257H,3_n257I
1-3-42_n257H,3_n257I
1-3-18_n257H,1_n257I
1-3-41_n257H,1_n257I
1-3-42_n257H,1_n257I
1-41C_n257H,1_n257I
1-42C_n257H,1_n257I
3-41C_n257H,3_n257I
3-42C_n257H,3_n257I
1-3_n257I,3_n257J
1-18_n257I,18_n257J
1-3_n257I,1_n257J
1-18_n257I,1_n257J
1-41_n257I,1_n257J
1-42_n257I,1_n257J
3-18_n257I,18_n257J
3-18_n257I,3_n257J
3-41_n257I,3_n257J
3-42_n257I,3_n257J
1-3-41C-42C_n257,3_n257
1-3-41C-42C_n78,3_n78
1-3-41C-42C_n257,1_n257
1-3-41C-42C_n78,1_n78
1-3-18_n257I,18_n257H
1-3-18_n257I,3_n257H
1-3-41-42_n257H,3_n257H
1-3-41-42C_n257G,3_n257H
1-3-41_n257I,3_n257H
1-3-41C-42_n257G,3_n257H
1-3-41C_n257H,3_n257H
1-3-42_n257I,3_n257H
1-3-42C_n257H,3_n257H
1-3-18_n257I,1_n257H
1-3-41-42_n257H,1_n257H
1-3-41-42C_n257G,1_n257H
1-3-41_n257I,1_n257H
1-3-41C-42_n257G,1_n257H
1-3-41C_n257H,1_n257H
1-3-42_n257I,1_n257H
1-3-42C_n257H,1_n257H
1-41-42_n257I,1_n257H
1-41-42C_n257H,1_n257H
1-41C-42_n257H,1_n257H
1-41C-42C_n257G,1_n257H
1-41C_n257I,1_n257H
1-42C_n257I,1_n257H
3-41-42_n257I,3_n257H
3-41-42C_n257H,3_n257H
3-41C-42_n257H,3_n257H
3-41C-42C_n257G,3_n257H
3-41C_n257I,3_n257H
3-42C_n257I,3_n257H
1-3-41C_n257H,3_n257I
1-3-42C_n257H,3_n257I
1-3-41C_n257H,1_n257I
1-3-42C_n257H,1_n257I
1-3-18_n257I,18_n257J
1-3-18_n257I,3_n257J
1-3-41_n257I,3_n257J
1-3-42_n257I,3_n257J
1-3-18_n257I,1_n257J
1-3-41_n257I,1_n257J
1-3-42_n257I,1_n257J
1-41C_n257I,1_n257J
1-42C_n257I,1_n257J
3-41C_n257I,3_n257J
3-42C_n257I,3_n257J
1-3-41-42C_n257H,3_n257H
1-3-41-42_n257I,3_n257H
1-3-41C-42_n257H,3_n257H
1-3-41C-42C_n257G,3_n257H
1-3-41C_n257I,3_n257H
1-3-42C_n257I,3_n257H
1-3-41-42C_n257H,1_n257H
1-3-41-42_n257I,1_n257H
1-3-41C-42_n257H,1_n257H
1-3-41C-42C_n257G,1_n257H
1-3-41C_n257I,1_n257H
1-3-42C_n257I,1_n257H
1-41-42C_n257I,1_n257H
1-41C-42_n257I,1_n257H
1-41C-42C_n257H,1_n257H
3-41-42C_n257I,3_n257H
3-41C-42_n257I,3_n257H
3-41C-42C_n257H,3_n257H
1-3-41C_n257I,3_n257J
1-3-42C_n257I,3_n257J
1-3-41C_n257I,1_n257J
1-3-42C_n257I,1_n257J
1-3-41-42C_n257I,3_n257H
1-3-41C-42_n257I,3_n257H
1-3-41C-42C_n257H,3_n257H
1-3-41-42C_n257I,1_n257H
1-3-41C-42_n257I,1_n257H
1-3-41C-42C_n257H,1_n257H
1-41C-42C_n257I,1_n257H
3-41C-42C_n257I,3_n257H
1-3-41C-42C_n257I,3_n257H
1-3-41C-42C_n257I,1_n257H
