n5,n5
n5,n5
n30,n30
n66,n66
n66,n66
n66,n66
n71,n71
n78,n78
n78,n78
n5_n30,n30
n5_n66,n66
n5_n78,n78
n5_n30,n5
n5_n66,n5
n5_n78,n5
n29_n66,n66
n30_n66,n66
n30_n66,n30
n66_n66,n66
n66_n66,n66
n66_n71,n71
n66_n78,n78
n66_n71,n66
n66_n78,n66
n71_n78,n78
n71_n78,n71
n78_n78,n78
2_n5,2_n5
2_n5,2_n5
2_n5,2_n5
2_n78,2_n78
2_n78,2_n78
2_n66,2_n66
2_n71,2_n71
4_n78,4_n78
5_n66,5_n66
5_n66,5_n66
5_n66,5_n66
5_n78,5_n78
7_n5,7_n5
7_n5,7_n5
7_n66,7_n66
7_n71,7_n71
7_n78,7_n78
12_n66,12_n66
12_n66,12_n66
12_n66,12_n66
12_n78,12_n78
13_n66,13_n66
13_n66,13_n66
13_n78,13_n78
25_n78,25_n78
30_n5,30_n5
30_n66,30_n66
66_n5,66_n5
66_n5,66_n5
66_n5,66_n5
66_n78,66_n78
66_n78,66_n78
66_n66,66_n66
66_n71,66_n71
n5_n30_n66,n66
n5_n30_n66,n30
n5_n66_n66,n66
n5_n66_n66,n66
n5_n66_n78,n78
n5_n66_n78,n66
n5_n78_n78,n78
n5_n30_n66,n5
n5_n66_n66,n5
n5_n66_n78,n5
n5_n78_n78,n5
n29_n66_n66,n66
n29_n66_n66,n66
n66_n66_n71,n71
n66_n66_n78,n78
n66_n66_n71,n66
n66_n66_n78,n66
n66_n66_n71,n66
n66_n66_n78,n66
n66_n71_n78,n78
n66_n71_n78,n71
n66_n78_n78,n78
n66_n71_n78,n66
n66_n78_n78,n66
n71_n78_n78,n78
n71_n78_n78,n71
2-5_n66,5_n66
2-5_n66,5_n66
2-5_n66,5_n66
2-7_n5,7_n5
2-7_n5,7_n5
2-7_n5,7_n5
2-7_n5,7_n5
2-7_n78,7_n78
2-7_n78,7_n78
2-7_n78,7_n78
2-12_n66,12_n66
2-12_n66,12_n66
2-12_n66,12_n66
2-66_n5,66_n5
2-66_n5,66_n5
2-66_n5,66_n5
2-66_n78,66_n78
2-66_n78,66_n78
2-7_n5,2_n5
2-7_n5,2_n5
2-7_n5,2_n5
2-7_n5,2_n5
2-7_n78,2_n78
2-7_n78,2_n78
2-7_n78,2_n78
2-66_n5,2_n5
2-66_n5,2_n5
2-66_n5,2_n5
2-66_n78,2_n78
2-66_n78,2_n78
2-2_n66,2_n66
2-5_n78,5_n78
2-7_n71,7_n71
2-7_n71,7_n71
2-7_n66,7_n66
2-12_n78,12_n78
2-13_n66,13_n66
2-13_n66,13_n66
2-30_n5,30_n5
2-30_n66,30_n66
2-66_n66,66_n66
2-66_n71,66_n71
2-5_n66,2_n66
2-5_n66,2_n66
2-5_n78,2_n78
2-7_n71,2_n71
2-7_n71,2_n71
2-7_n66,2_n66
2-12_n66,2_n66
2-12_n66,2_n66
2-12_n78,2_n78
2-13_n66,2_n66
2-13_n66,2_n66
2-29_n78,2_n78
2-30_n5,2_n5
2-30_n66,2_n66
2-66_n66,2_n66
2-66_n71,2_n71
2_n66_n66,2_n66
2_n66_n66,2_n66
2_n66_n71,2_n71
2_n66_n78,2_n78
2_n66_n71,2_n66
2_n66_n78,2_n66
2_n78_n78,2_n78
4_n78_n78,4_n78
5-7_n66,7_n66
5-7_n78,7_n78
5-30_n66,30_n66
5-30_n66,30_n66
5-66_n66,66_n66
5-66_n66,66_n66
5-66_n78,66_n78
5-7_n66,5_n66
5-7_n78,5_n78
5-30_n66,5_n66
5-30_n66,5_n66
5-30_n66,5_n66
5-66_n66,5_n66
5-66_n66,5_n66
5-66_n66,5_n66
5-66_n78,5_n78
5_n78_n78,5_n78
7-12_n66,12_n66
7-12_n66,12_n66
7-12_n66,12_n66
7-13_n66,13_n66
7-13_n66,13_n66
7-13_n66,13_n66
7-66_n5,66_n5
7-66_n5,66_n5
7-66_n5,66_n5
7-66_n78,66_n78
7-66_n78,66_n78
7-66_n78,66_n78
7-66_n71,66_n71
7-66_n71,66_n71
7-66_n5,7_n5
7-66_n5,7_n5
7-66_n5,7_n5
7-66_n78,7_n78
7-66_n78,7_n78
7-66_n78,7_n78
7-66_n71,7_n71
7-66_n71,7_n71
7-7_n5,7_n5
7-7_n5,7_n5
7-7_n66,7_n66
7-7_n78,7_n78
7-25_n78,25_n78
7-66_n66,66_n66
7-12_n66,7_n66
7-13_n66,7_n66
7-13_n66,7_n66
7-25_n78,7_n78
7-29_n78,7_n78
7-46_n78,7_n78
7-66_n66,7_n66
7_n66_n78,7_n78
7_n66_n78,7_n66
7_n78_n78,7_n78
7C_n5,7_n5
7C_n5,7_n5
7C_n66,7_n66
7C_n78,7_n78
12-30_n66,30_n66
12-30_n66,30_n66
12-66_n66,66_n66
12-66_n66,66_n66
12-30_n66,12_n66
12-30_n66,12_n66
12-30_n66,12_n66
12-66_n66,12_n66
12-66_n66,12_n66
12-66_n66,12_n66
12_n66_n66,12_n66
12_n66_n66,12_n66
12_n66_n78,12_n78
12_n66_n78,12_n66
12_n78_n78,12_n78
13-66_n66,66_n66
13-66_n66,66_n66
13-66_n66,13_n66
13-66_n66,13_n66
13_n78_n78,13_n78
25-25_n78,25_n78
25-66_n78,66_n78
25-66_n78,25_n78
29-66_n78,66_n78
30-66_n5,66_n5
30-66_n66,66_n66
30-66_n5,30_n5
30-66_n66,30_n66
66-66_n5,66_n5
66-66_n5,66_n5
66-66_n5,66_n5
66-66_n78,66_n78
66-66_n78,66_n78
66-66_n66,66_n66
66_n66_n78,66_n78
66_n66_n78,66_n66
66_n78_n78,66_n78
66C_n71,66_n71
n5_n66_n78_n78,n78
n5_n66_n78_n78,n78
n5_n66_n78_n78,n66
n5_n66_n78_n78,n5
n66_n66_n78_n78,n78
n66_n66_n78_n78,n78
n66_n66_n78_n78,n66
n66_n71_n78_n78,n78
n66_n71_n78_n78,n78
n66_n71_n78_n78,n71
n66_n71_n78_n78,n66
2-7-7_n5,7_n5
2-7-7_n5,7_n5
2-7-7_n5,7_n5
2-7-7_n5,7_n5
2-7-7_n78,7_n78
2-7-7_n78,7_n78
2-7-7_n78,7_n78
2-7C_n5,7_n5
2-7C_n5,7_n5
2-7C_n5,7_n5
2-7C_n78,7_n78
2-7C_n78,7_n78
2-7C_n78,7_n78
2-66-66_n5,66_n5
2-66-66_n5,66_n5
2-66-66_n5,66_n5
2-66-66_n78,66_n78
2-66-66_n78,66_n78
2-7-7_n5,2_n5
2-7-7_n5,2_n5
2-7-7_n5,2_n5
2-7-7_n5,2_n5
2-7-7_n78,2_n78
2-7-7_n78,2_n78
2-7-7_n78,2_n78
2-7C_n5,2_n5
2-7C_n5,2_n5
2-7C_n5,2_n5
2-7C_n78,2_n78
2-7C_n78,2_n78
2-7C_n78,2_n78
2-66-66_n5,2_n5
2-66-66_n5,2_n5
2-66-66_n5,2_n5
2-66-66_n78,2_n78
2-66-66_n78,2_n78
2-2-7_n66,7_n66
2-2-13_n66,13_n66
2-2-7_n66,2_n66
2-2-13_n66,2_n66
2-5-7_n66,7_n66
2-5-66_n66,66_n66
2-5-66_n66,66_n66
2-5-7_n66,5_n66
2-5-66_n66,5_n66
2-5-66_n66,5_n66
2-5_n78_n78,5_n78
2-7-7_n66,7_n66
2-7-12_n66,12_n66
2-7-13_n66,13_n66
2-7-13_n66,13_n66
2-7-66_n66,66_n66
2-7-66_n71,66_n71
2-7-66_n78,66_n78
2-7-12_n66,7_n66
2-7-13_n66,7_n66
2-7-13_n66,7_n66
2-7-29_n78,7_n78
2-7-66_n66,7_n66
2-7-66_n71,7_n71
2-7-66_n78,7_n78
2-7_n66_n78,7_n78
2-7_n66_n78,7_n66
2-7_n78_n78,7_n78
2-7C_n66,7_n66
2-12-30_n66,30_n66
2-12-30_n66,30_n66
2-12-66_n66,66_n66
2-12-66_n66,66_n66
2-12-30_n66,12_n66
2-12-30_n66,12_n66
2-12-66_n66,12_n66
2-12-66_n66,12_n66
2-12_n78_n78,12_n78
2-13-66_n66,66_n66
2-13-66_n66,66_n66
2-13-66_n66,13_n66
2-13-66_n66,13_n66
2-29-66_n78,66_n78
2-30-66_n5,66_n5
2-30-66_n66,66_n66
2-30-66_n5,30_n5
2-30-66_n66,30_n66
2-66-66_n66,66_n66
2-66_n66_n78,66_n78
2-66_n66_n78,66_n66
2-66_n78_n78,66_n78
2-66C_n71,66_n71
2-5-7_n66,2_n66
2-5-66_n66,2_n66
2-5-66_n66,2_n66
2-5_n78_n78,2_n78
2-7-7_n66,2_n66
2-7-12_n66,2_n66
2-7-13_n66,2_n66
2-7-13_n66,2_n66
2-7-29_n78,2_n78
2-7-66_n66,2_n66
2-7-66_n71,2_n71
2-7-66_n78,2_n78
2-7_n66_n78,2_n78
2-7_n66_n78,2_n66
2-7_n78_n78,2_n78
2-7C_n66,2_n66
2-12-30_n66,2_n66
2-12-30_n66,2_n66
2-12-66_n66,2_n66
2-12-66_n66,2_n66
2-12_n78_n78,2_n78
2-13-66_n66,2_n66
2-13-66_n66,2_n66
2-29-66_n78,2_n78
2-30-66_n5,2_n5
2-30-66_n66,2_n66
2-66-66_n66,2_n66
2-66_n66_n78,2_n78
2-66_n66_n78,2_n66
2-66_n78_n78,2_n78
2-66C_n71,2_n71
2_n66_n66_n78,2_n78
2_n66_n66_n78,2_n66
2_n66_n66_n78,2_n66
2_n66_n78_n78,2_n78
2_n66_n78_n78,2_n78
2_n66_n78_n78,2_n66
5-7-7_n66,7_n66
5-7-7_n78,7_n78
5-7-66_n66,66_n66
5-7-66_n66,7_n66
5-7C_n66,7_n66
5-66_n78_n78,66_n78
5-7-7_n66,5_n66
5-7-7_n78,5_n78
5-7-66_n66,5_n66
5-7C_n66,5_n66
5-66_n78_n78,5_n78
7-7-13_n66,13_n66
7-7-13_n66,13_n66
7-7-13_n66,13_n66
7-7-66_n5,66_n5
7-7-66_n5,66_n5
7-7-66_n5,66_n5
7-7-66_n78,66_n78
7-7-66_n78,66_n78
7-7-66_n78,66_n78
7-7-66_n5,7_n5
7-7-66_n5,7_n5
7-7-66_n5,7_n5
7-7-66_n78,7_n78
7-7-66_n78,7_n78
7-7-66_n78,7_n78
7-66-66_n5,66_n5
7-66-66_n5,66_n5
7-66-66_n5,66_n5
7-66-66_n78,66_n78
7-66-66_n78,66_n78
7-66-66_n78,66_n78
7-66-66_n5,7_n5
7-66-66_n5,7_n5
7-66-66_n5,7_n5
7-66-66_n78,7_n78
7-66-66_n78,7_n78
7-66-66_n78,7_n78
7-7-25_n78,25_n78
7-7-66_n66,66_n66
7-7-13_n66,7_n66
7-7-13_n66,7_n66
7-7-25_n78,7_n78
7-7-29_n78,7_n78
7-7-66_n66,7_n66
7-7_n66_n78,7_n78
7-7_n66_n78,7_n66
7-7_n78_n78,7_n78
7-13-66_n66,66_n66
7-13-66_n66,66_n66
7-13-66_n66,13_n66
7-13-66_n66,13_n66
7-25-25_n78,25_n78
7-25-66_n78,66_n78
7-25-66_n78,25_n78
7-29-66_n78,66_n78
7-66-66_n66,66_n66
7-66_n66_n78,66_n78
7-66_n66_n78,66_n66
7-66_n78_n78,66_n78
7-13-66_n66,7_n66
7-13-66_n66,7_n66
7-25-25_n78,7_n78
7-25-66_n78,7_n78
7-29-66_n78,7_n78
7-46C_n78,7_n78
7-66-66_n66,7_n66
7-66_n66_n78,7_n78
7-66_n66_n78,7_n66
7-66_n78_n78,7_n78
7C-13_n66,13_n66
7C-13_n66,13_n66
7C-13_n66,13_n66
7C-66_n5,66_n5
7C-66_n5,66_n5
7C-66_n5,66_n5
7C-66_n78,66_n78
7C-66_n78,66_n78
7C-66_n78,66_n78
7C-66_n5,7_n5
7C-66_n5,7_n5
7C-66_n5,7_n5
7C-66_n78,7_n78
7C-66_n78,7_n78
7C-66_n78,7_n78
7C-25_n78,25_n78
7C-66_n66,66_n66
7C-13_n66,7_n66
7C-13_n66,7_n66
7C-25_n78,7_n78
7C-29_n78,7_n78
7C-66_n66,7_n66
7C_n66_n78,7_n78
7C_n66_n78,7_n66
7C_n78_n78,7_n78
12_n66_n66_n78,12_n78
12_n66_n66_n78,12_n66
12_n66_n66_n78,12_n66
12_n66_n78_n78,12_n78
12_n66_n78_n78,12_n78
12_n66_n78_n78,12_n66
25-25-66_n78,66_n78
25-25-66_n78,25_n78
30-66-66_n5,66_n5
30-66-66_n5,30_n5
66-66_n78_n78,66_n78
2-2-7-7_n66,7_n66
2-2-7-7_n66,2_n66
2-7-7-66_n66,66_n66
2-7-7-66_n66,66_n66
2-7-7-66_n78,66_n78
2-7-7-66_n66,7_n66
2-7-7-66_n66,7_n66
2-7-7-66_n78,7_n78
2-7-7_n66_n78,7_n78
2-7-7_n66_n78,7_n66
2-7-7_n78_n78,7_n78
2-7-66-66_n66,66_n66
2-7-66-66_n78,66_n78
2-7-66_n66_n78,66_n78
2-7-66_n66_n78,66_n66
2-7-66_n78_n78,66_n78
2-7-66-66_n66,7_n66
2-7-66-66_n78,7_n78
2-7-66_n66_n78,7_n78
2-7-66_n66_n78,7_n66
2-7-66_n78_n78,7_n78
2-66-66_n78_n78,66_n78
2-2-7-7_n66,2_n66
2-7-7-66_n66,2_n66
2-7-7-66_n66,2_n66
2-7-7-66_n66,2_n66
2-7-7-66_n78,2_n78
2-7-7_n66_n78,2_n78
2-7-7_n66_n78,2_n66
2-7-7_n78_n78,2_n78
2-7-66-66_n66,2_n66
2-7-66-66_n78,2_n78
2-7-66_n66_n78,2_n78
2-7-66_n66_n78,2_n66
2-7-66_n78_n78,2_n78
2-66-66_n78_n78,2_n78
2-2-7-13_n66,13_n66
2-2-7-13_n66,7_n66
2-2-7C_n66,7_n66
2-2-7-13_n66,2_n66
2-2-7C_n66,2_n66
2-5-7-7_n66,7_n66
2-5-7-66_n66,66_n66
2-5-7-66_n66,7_n66
2-5-7C_n66,7_n66
2-5-7-7_n66,5_n66
2-5-7-66_n66,5_n66
2-5-7C_n66,5_n66
2-7-7-13_n66,13_n66
2-7-7-13_n66,13_n66
2-7-7-13_n66,7_n66
2-7-7-13_n66,7_n66
2-7-7-29_n78,7_n78
2-7-13-66_n66,66_n66
2-7-13-66_n66,66_n66
2-7-13-66_n66,13_n66
2-7-13-66_n66,13_n66
2-7-29-66_n78,66_n78
2-7-13-66_n66,7_n66
2-7-13-66_n66,7_n66
2-7-29-66_n78,7_n78
2-7C-13_n66,13_n66
2-7C-13_n66,13_n66
2-7C-66_n66,66_n66
2-7C-66_n78,66_n78
2-7C-13_n66,7_n66
2-7C-13_n66,7_n66
2-7C-29_n78,7_n78
2-7C-66_n66,7_n66
2-7C-66_n78,7_n78
2-7C_n66_n78,7_n78
2-7C_n66_n78,7_n66
2-7C_n78_n78,7_n78
2-30-66-66_n5,66_n5
2-30-66-66_n5,30_n5
2-5-7-7_n66,2_n66
2-5-7-66_n66,2_n66
2-5-7C_n66,2_n66
2-7-7-13_n66,2_n66
2-7-7-13_n66,2_n66
2-7-7-29_n78,2_n78
2-7-13-66_n66,2_n66
2-7-13-66_n66,2_n66
2-7-29-66_n78,2_n78
2-7C-13_n66,2_n66
2-7C-13_n66,2_n66
2-7C-29_n78,2_n78
2-7C-66_n66,2_n66
2-7C-66_n78,2_n78
2-7C_n66_n78,2_n78
2-7C_n66_n78,2_n66
2-7C_n78_n78,2_n78
2-30-66-66_n5,2_n5
5-7-7-66_n66,66_n66
5-7-7-66_n66,7_n66
5-7C-66_n66,66_n66
5-7C-66_n66,7_n66
5-7-7-66_n66,5_n66
5-7C-66_n66,5_n66
7-7-66-66_n5,66_n5
7-7-66-66_n5,66_n5
7-7-66-66_n5,66_n5
7-7-66-66_n78,66_n78
7-7-66-66_n78,66_n78
7-7-66-66_n78,66_n78
7-7-66-66_n5,7_n5
7-7-66-66_n5,7_n5
7-7-66-66_n5,7_n5
7-7-66-66_n78,7_n78
7-7-66-66_n78,7_n78
7-7-66-66_n78,7_n78
7-7-25-25_n78,25_n78
7-7-25-66_n78,66_n78
7-7-25-66_n78,25_n78
7-7-66-66_n66,66_n66
7-7-66_n66_n78,66_n78
7-7-66_n66_n78,66_n66
7-7-66_n78_n78,66_n78
7-7-25-25_n78,7_n78
7-7-25-66_n78,7_n78
7-7-66-66_n66,7_n66
7-7-66_n66_n78,7_n78
7-7-66_n66_n78,7_n66
7-7-66_n78_n78,7_n78
7-25-25-66_n78,66_n78
7-25-25-66_n78,25_n78
7-66-66_n78_n78,66_n78
7-7-25-25_n78,7_n78
7-7-25-66_n78,7_n78
7-7-66-66_n66,7_n66
7-7-66-66_n78,7_n78
7-7-66_n66_n78,7_n78
7-7-66_n66_n78,7_n66
7-7-66_n78_n78,7_n78
7-25-25-66_n78,7_n78
7-66-66_n78_n78,7_n78
7-7-13-66_n66,66_n66
7-7-13-66_n66,13_n66
7-7-29-66_n78,66_n78
7-7-13-66_n66,7_n66
7-7-29-66_n78,7_n78
7-46D_n78,7_n78
7C-66-66_n5,66_n5
7C-66-66_n5,66_n5
7C-66-66_n5,66_n5
7C-66-66_n5,7_n5
7C-66-66_n5,7_n5
7C-66-66_n5,7_n5
7C-13-66_n66,66_n66
7C-13-66_n66,66_n66
7C-13-66_n66,13_n66
7C-13-66_n66,13_n66
7C-25-25_n78,25_n78
7C-25-66_n78,66_n78
7C-25-66_n78,25_n78
7C-29-66_n78,66_n78
7C-66-66_n78,66_n78
7C-66_n66_n78,66_n78
7C-66_n66_n78,66_n66
7C-66_n78_n78,66_n78
7C-13-66_n66,7_n66
7C-13-66_n66,7_n66
7C-25-25_n78,7_n78
7C-25-66_n78,7_n78
7C-29-66_n78,7_n78
7C-66-66_n78,7_n78
7C-66_n66_n78,7_n78
7C-66_n66_n78,7_n66
7C-66_n78_n78,7_n78
2-2-7-7-13_n66,13_n66
2-2-7-7-13_n66,13_n66
2-2-7-7-13_n66,7_n66
2-2-7-7-13_n66,7_n66
2-2-7-7-13_n66,2_n66
2-2-7-7-13_n66,2_n66
2-5-7-7-66_n66,66_n66
2-5-7-7-66_n66,66_n66
2-5-7-7-66_n66,66_n66
2-5-7-7-66_n66,7_n66
2-5-7-7-66_n66,7_n66
2-5-7-7-66_n66,7_n66
2-5-7-7-66_n66,5_n66
2-5-7-7-66_n66,5_n66
2-5-7-7-66_n66,5_n66
2-7-7-66-66_n66,66_n66
2-7-7-66-66_n66,66_n66
2-7-7-66-66_n66,66_n66
2-7-7-66-66_n78,66_n78
2-7-7-66-66_n78,66_n78
2-7-7-66-66_n78,66_n78
2-7-7-66_n66_n78,66_n78
2-7-7-66_n66_n78,66_n78
2-7-7-66_n66_n78,66_n78
2-7-7-66_n66_n78,66_n78
2-7-7-66_n66_n78,66_n66
2-7-7-66_n66_n78,66_n66
2-7-7-66_n66_n78,66_n66
2-7-7-66_n66_n78,66_n66
2-7-7-66_n78_n78,66_n78
2-7-7-66_n78_n78,66_n78
2-7-7-66_n78_n78,66_n78
2-7-7-66_n78_n78,66_n78
2-7-7-66-66_n66,7_n66
2-7-7-66-66_n66,7_n66
2-7-7-66-66_n66,7_n66
2-7-7-66-66_n78,7_n78
2-7-7-66-66_n78,7_n78
2-7-7-66-66_n78,7_n78
2-7-7-66_n66_n78,7_n78
2-7-7-66_n66_n78,7_n78
2-7-7-66_n66_n78,7_n78
2-7-7-66_n66_n78,7_n78
2-7-7-66_n66_n78,7_n66
2-7-7-66_n66_n78,7_n66
2-7-7-66_n66_n78,7_n66
2-7-7-66_n66_n78,7_n66
2-7-7-66_n78_n78,7_n78
2-7-7-66_n78_n78,7_n78
2-7-7-66_n78_n78,7_n78
2-7-7-66_n78_n78,7_n78
2-7-7-66-66_n66,7_n66
2-7-7-66-66_n78,7_n78
2-7-7-66_n66_n78,7_n78
2-7-7-66_n66_n78,7_n78
2-7-7-66_n66_n78,7_n66
2-7-7-66_n66_n78,7_n66
2-7-7-66_n78_n78,7_n78
2-7-7-66_n78_n78,7_n78
2-7-7-13-66_n66,66_n66
2-7-7-13-66_n66,66_n66
2-7-7-13-66_n66,66_n66
2-7-7-13-66_n66,13_n66
2-7-7-13-66_n66,13_n66
2-7-7-13-66_n66,13_n66
2-7-7-29-66_n78,66_n78
2-7-7-29-66_n78,66_n78
2-7-7-29-66_n78,66_n78
2-7-7-66-66_n66,66_n66
2-7-7-66-66_n78,66_n78
2-7-7-13-66_n66,7_n66
2-7-7-13-66_n66,7_n66
2-7-7-13-66_n66,7_n66
2-7-7-29-66_n78,7_n78
2-7-7-29-66_n78,7_n78
2-7-7-29-66_n78,7_n78
2-7C-66-66_n78,66_n78
2-7C-66_n66_n78,66_n78
2-7C-66_n66_n78,66_n66
2-7C-66_n78_n78,66_n78
2-7C-66-66_n78,7_n78
2-7C-66_n66_n78,7_n78
2-7C-66_n66_n78,7_n66
2-7C-66_n78_n78,7_n78
2-2-7-7-13_n66,2_n66
2-5-7-7-66_n66,2_n66
2-5-7-7-66_n66,2_n66
2-5-7-7-66_n66,2_n66
2-7-7-66-66_n66,2_n66
2-7-7-66-66_n66,2_n66
2-7-7-66-66_n66,2_n66
2-7-7-66-66_n78,2_n78
2-7-7-66-66_n78,2_n78
2-7-7-66-66_n78,2_n78
2-7-7-66_n66_n78,2_n78
2-7-7-66_n66_n78,2_n78
2-7-7-66_n66_n78,2_n78
2-7-7-66_n66_n78,2_n78
2-7-7-66_n66_n78,2_n66
2-7-7-66_n66_n78,2_n66
2-7-7-66_n66_n78,2_n66
2-7-7-66_n66_n78,2_n66
2-7-7-66_n78_n78,2_n78
2-7-7-66_n78_n78,2_n78
2-7-7-66_n78_n78,2_n78
2-7-7-66_n78_n78,2_n78
2-7-7-13-66_n66,2_n66
2-7-7-13-66_n66,2_n66
2-7-7-13-66_n66,2_n66
2-7-7-29-66_n78,2_n78
2-7-7-29-66_n78,2_n78
2-7-7-29-66_n78,2_n78
2-7C-66-66_n78,2_n78
2-7C-66_n66_n78,2_n78
2-7C-66_n66_n78,2_n66
2-7C-66_n78_n78,2_n78
2-2-7-7-13_n66,7_n66
2-2-7C-13_n66,13_n66
2-2-7C-13_n66,7_n66
2-2-7C-13_n66,2_n66
2-5-7-7-66_n66,7_n66
2-5-7C-66_n66,66_n66
2-5-7C-66_n66,7_n66
2-5-7C-66_n66,5_n66
2-7-7-13-66_n66,7_n66
2-7-7-29-66_n78,7_n78
2-7C-13-66_n66,66_n66
2-7C-13-66_n66,66_n66
2-7C-13-66_n66,13_n66
2-7C-13-66_n66,13_n66
2-7C-29-66_n78,66_n78
2-7C-13-66_n66,7_n66
2-7C-13-66_n66,7_n66
2-7C-29-66_n78,7_n78
2-5-7C-66_n66,2_n66
2-7C-13-66_n66,2_n66
2-7C-13-66_n66,2_n66
2-7C-29-66_n78,2_n78
7-7-25-25-66_n78,66_n78
7-7-25-25-66_n78,66_n78
7-7-25-25-66_n78,66_n78
7-7-25-25-66_n78,25_n78
7-7-25-25-66_n78,25_n78
7-7-25-25-66_n78,25_n78
7-7-66-66_n78_n78,66_n78
7-7-66-66_n78_n78,66_n78
7-7-25-25-66_n78,7_n78
7-7-25-25-66_n78,7_n78
7-7-25-25-66_n78,7_n78
7-7-66-66_n78_n78,7_n78
7-7-66-66_n78_n78,7_n78
7-7-25-25-66_n78,25_n78
7-7-66-66_n78_n78,66_n78
7-7-25-25-66_n78,7_n78
7-7-25-25-66_n78,7_n78
7-7-66-66_n78_n78,7_n78
7-46E_n78,7_n78
7C-25-25-66_n78,66_n78
7C-25-25-66_n78,25_n78
7C-25-25-66_n78,25_n78
7C-66-66_n78_n78,66_n78
7C-66-66_n78_n78,66_n78
7C-25-25-66_n78,7_n78
7C-66-66_n78_n78,7_n78
