n28,n28
n78,n78
n78,n78
n78,n78
n28_n78,n78
n28_n78,n78
n28_n78,n78
n28_n78,n28
n28_n78,n28
1_n28,1_n28
1_n28,1_n28
1_n78,1_n78
1_n78,1_n78
1_n78,1_n78
3_n28,3_n28
3_n28,3_n28
3_n78,3_n78
3_n78,3_n78
3_n78,3_n78
28_n78,28_n78
28_n78,28_n78
1-3_n28,3_n28
1-3_n28,3_n28
1-3_n78,3_n78
1-3_n78,3_n78
1-3_n78,3_n78
1-28_n78,28_n78
1-28_n78,28_n78
1-28_n78,28_n78
1-3_n28,1_n28
1-3_n28,1_n28
1-3_n78,1_n78
1-3_n78,1_n78
1-3_n78,1_n78
1-28_n78,1_n78
1-28_n78,1_n78
1-28_n78,1_n78
1_n28_n78,1_n78
1_n28_n78,1_n78
1_n28_n78,1_n78
1_n28_n78,1_n28
1_n28_n78,1_n28
1_n28_n78,1_n28
3-28_n78,28_n78
3-28_n78,28_n78
3-28_n78,28_n78
3-28_n78,3_n78
3-28_n78,3_n78
3-28_n78,3_n78
3_n28_n78,3_n78
3_n28_n78,3_n78
3_n28_n78,3_n78
3_n28_n78,3_n28
3_n28_n78,3_n28
3_n28_n78,3_n28
1-3-28_n78,28_n78
1-3-28_n78,28_n78
1-3-28_n78,3_n78
1-3-28_n78,3_n78
1-3_n28_n78,3_n78
1-3_n28_n78,3_n78
1-3_n28_n78,3_n28
1-3_n28_n78,3_n28
1-3-28_n78,1_n78
1-3-28_n78,1_n78
1-3_n28_n78,1_n78
1-3_n28_n78,1_n78
1-3_n28_n78,1_n28
1-3_n28_n78,1_n28
