n66,n66
n66,n66
n66,n66
n71,n71
n77,n77
n78,n78
n78,n78
2_n66,2_n66
2_n66,2_n66
2_n71,2_n71
4_n78,4_n78
4_n78,4_n78
5_n66,5_n66
5_n66,5_n66
5_n66,5_n66
7_n66,7_n66
7_n66,7_n66
7_n71,7_n71
7_n78,7_n78
13_n66,13_n66
13_n66,13_n66
13_n78,13_n78
66_n78,66_n78
66_n78,66_n78
66_n66,66_n66
66_n66,66_n66
66_n71,66_n71
71_n66,71_n66
71_n66,71_n66
71_n78,71_n78
2-5_n66,5_n66
2-5_n66,5_n66
2-5_n66,5_n66
2-66_n71,66_n71
2-5_n66,2_n66
2-5_n66,2_n66
2-66_n71,2_n71
2-71_n71,2_n71
2-71_n71,2_n71
4_n78_n78,4_n78
4_n78_n78,4_n78
7-13_n66,13_n66
7-13_n66,13_n66
7-13_n66,13_n66
7-66_n78,66_n78
7-66_n78,66_n78
7-66_n78,66_n78
7-66_n71,66_n71
7-66_n71,66_n71
7-66_n78,7_n78
7-66_n78,7_n78
7-66_n78,7_n78
7-66_n71,7_n71
7-66_n71,7_n71
7_n66_n78,7_n78
7_n66_n78,7_n78
7_n66_n78,7_n78
7_n66_n78,7_n78
7-66_n66,66_n66
7-66_n66,66_n66
7-13_n66,7_n66
7-13_n66,7_n66
7-66_n66,7_n66
7-66_n66,7_n66
7_n66_n78,7_n66
7_n66_n78,7_n66
7_n78_n78,7_n78
13-66_n66,66_n66
13-66_n66,66_n66
13-66_n66,13_n66
13-66_n66,13_n66
13_n78_n78,13_n78
46-66_n71,66_n71
66-66_n78,66_n78
66-66_n78,66_n78
66_n66_n78,66_n78
66_n66_n78,66_n78
66_n66_n78,66_n78
66_n78_n78,66_n78
66_n78_n78,66_n78
66-66_n71,66_n71
66-71_n66,71_n66
66-71_n66,71_n66
66-71_n78,71_n78
66-71_n66,66_n66
66-71_n66,66_n66
66-71_n71,66_n71
66-71_n71,66_n71
66-71_n78,66_n78
66_n66_n78,66_n66
66C_n71,66_n71
2-66-71_n71,66_n71
2-66-71_n71,66_n71
2-66-71_n71,2_n71
2-66-71_n71,2_n71
7-66-66_n78,66_n78
7-66-66_n78,66_n78
7-66-66_n78,66_n78
7-66-66_n71,66_n71
7-66-66_n71,66_n71
7-66-66_n78,7_n78
7-66-66_n78,7_n78
7-66-66_n78,7_n78
7-66-66_n71,7_n71
7-66-66_n71,7_n71
7-13-66_n66,66_n66
7-13-66_n66,66_n66
7-13-66_n66,13_n66
7-13-66_n66,13_n66
7-66_n66_n78,66_n78
7-66_n66_n78,66_n78
7-66_n66_n78,66_n66
7-66_n66_n78,66_n66
7-66_n78_n78,66_n78
7-13-66_n66,7_n66
7-13-66_n66,7_n66
7-66_n66_n78,7_n78
7-66_n66_n78,7_n78
7-66_n66_n78,7_n66
7-66_n66_n78,7_n66
7-66_n78_n78,7_n78
46C-66_n71,66_n71
66-66_n78_n78,66_n78
7-66-66_n78_n78,66_n78
7-66-66_n78_n78,7_n78
46D-66_n71,66_n71
